actor,movie_or_TV_name
David Frutos,Alive and Kicking
David Frutos,Mulholland Drive
Theresa Salazar,Mulholland Drive
Peter Loggins,Mulholland Drive
Thea Samuels,Mulholland Drive
Christian Thompson,Mulholland Drive
Laura Harring,Beyond Belief: Fact or Fiction
Laura Harring,Beauty and the Beast
Laura Harring,Roma nuda
Laura Harring,Willard
Laura Harring,Kluge
Laura Harring,Dead Women in Lingerie
Laura Harring,The Caller
Laura Harring,The Shield
Laura Harring,Law & Order: Criminal Intent
Laura Harring,The Alamo: Thirteen Days to Glory
Laura Harring,Mulholland Dr.
Laura Harring,Rabbits
Laura Harring,Alien Nation
Laura Harring,Miss USA
Laura Harring,Father of the Bride
Laura Harring,The King
Laura Harring,Black Scorpion II: Aftershock
Laura Harring,Frasier
Laura Harring,Blossom
Laura Harring,The Forbidden Dance
Laura Harring,Mulholland Drive - Ein Hollywood-Mythos
Laura Harring,Final Payback
Laura Harring,John Q
Laura Harring,NCIS: Los Angeles
Laura Harring,Ghost Son
Laura Harring,Love in the Time of Cholera
Laura Harring,Mulholland Drive
Laura Harring,Little Nicky
Laura Harring,Flipper
Laura Harring,Loco Love
Laura Harring,Sunset Beach
Laura Harring,Law & Order: Special Victims Unit
Laura Harring,Manson Girls
Laura Harring,Inside
Laura Harring,The Loner
Laura Harring,Walkout
Laura Harring,Gossip Girl
Laura Harring,Drool
Laura Harring,Rio Diablo
Laura Harring,Taco Shop
Laura Harring,One Missed Call
Laura Harring,Baywatch Nights
Laura Harring,The Thinning: New World Order
Laura Harring,My Neighbor's Keeper
Laura Harring,The Poet
Laura Harring,All Souls Day: Dia de los Muertos
Laura Harring,Inland Empire
Laura Harring,A Family in Crisis: The Elian Gonzales Story
Laura Harring,Exit to Eden
Laura Harring,Nancy Drew
Laura Harring,"Silent Night, Deadly Night 3: Better Watch Out!"
Laura Harring,Derailed
Laura Harring,Seitenblicke
Laura Harring,The Punisher
Laura Harring,The Thinning
Laura Harring,The Making of ‘Mulholland Drive’
Laura Harring,Chasing Life
Laura Harring,Sex Ed
Laura Harring,Return to Babylon
Naomi Watts,Flirting
Naomi Watts,The Assassination of Richard Nixon
Naomi Watts,Ellie Parker
Naomi Watts,Strange Planet
Naomi Watts,You Will Meet a Tall Dark Stranger
Naomi Watts,Stay
Naomi Watts,Mulholland Dr.
Naomi Watts,Rabbits
Naomi Watts,The International
Naomi Watts,The Tonight Show with Jay Leno
Naomi Watts,The Loudest Voice
Naomi Watts,Allegiant
Naomi Watts,Entertainment Tonight
Naomi Watts,Luce
Naomi Watts,The Friend
Naomi Watts,The Ring Two
Naomi Watts,Celebrities Uncensored
Naomi Watts,Boss Level
Naomi Watts,Demolition
Naomi Watts,Mulholland Drive
Naomi Watts,Heath Ledger: A Tribute
Naomi Watts,The Burning Season
Naomi Watts,Larrikins
Naomi Watts,Today
Naomi Watts,For Love Alone
Naomi Watts,Eastern Promises
Naomi Watts,Recreating the Eighth Wonder: The Making of 'King Kong'
Naomi Watts,Diana
Naomi Watts,Tank Girl
Naomi Watts,Sunlight Jr.
Naomi Watts,21 Grams: In Fragments
Naomi Watts,Ophelia
Naomi Watts,The Tonight Show Starring Jimmy Fallon
Naomi Watts,The Ellen DeGeneres Show
Naomi Watts,Sleepwalkers
Naomi Watts,3 Generations
Naomi Watts,Watch What Happens Live with Andy Cohen
Naomi Watts,The Christmas Wish
Naomi Watts,The Sea of Trees
Naomi Watts,The Daily Show
Naomi Watts,I ♥ Huckabees
Naomi Watts,The Book of Henry
Naomi Watts,I Am Heath Ledger
Naomi Watts,The Ring
Naomi Watts,Bermuda Triangle
Naomi Watts,Insurgent
Naomi Watts,Babe: Pig in the City
Naomi Watts,Late Night with Conan O'Brien
Naomi Watts,Undertaking Betty
Naomi Watts,Emmanuelle
Naomi Watts,Timepiece
Naomi Watts,Dangerous Beauty
Naomi Watts,FEUD
Naomi Watts,Gypsy
Naomi Watts,While We're Young
Naomi Watts,The View
Naomi Watts,A Bloody Finger in Your Mouth
Naomi Watts,The Wolf Hour
Naomi Watts,Matinee
Naomi Watts,Wide Sargasso Sea
Naomi Watts,Shut In
Naomi Watts,Between Two Ferns with Zach Galifianakis
Naomi Watts,Goodnight Mommy
Naomi Watts,Vice
Naomi Watts,Penguin Bloom
Naomi Watts,Wide-Awake
Naomi Watts,Dream House
Naomi Watts,The Making of ‘Mulholland Drive’
Naomi Watts,Ned Kelly
Naomi Watts,E! True Hollywood Story
Naomi Watts,Taronga: Who's Who In The Zoo
Naomi Watts,Wolves and Villagers
Naomi Watts,Adore
Naomi Watts,Woody Allen: A Documentary
Naomi Watts,Under the Lighthouse Dancing
Naomi Watts,Periodical
Naomi Watts,The Hunt For The Unicorn Killer
Naomi Watts,The Outsider
Naomi Watts,King Kong: Peter Jackson's Production Diaries
Naomi Watts,Gross Misconduct
Naomi Watts,Beyond Boundaries: The Harvey Weinstein Scandal
Naomi Watts,The Eighth Blunder of the World
Naomi Watts,Do Not Pick Up Hitchhikers
Naomi Watts,Infinite Storm
Naomi Watts,J. Edgar
Naomi Watts,The Painted Veil
Naomi Watts,The Wyvern Mystery
Naomi Watts,The Hunt for the Unicorn Killer
Naomi Watts,Inland Empire
Naomi Watts,LIVE with Kelly and Mark
Naomi Watts,Mother and Child
Naomi Watts,The Watcher
Naomi Watts,The Glass Castle
Naomi Watts,The Oscars
Naomi Watts,Jimmy Kimmel Live!
Naomi Watts,Down
Naomi Watts,Persons Unknown
Naomi Watts,The Late Show with Stephen Colbert
Naomi Watts,Goldene Kamera Verleihung
Naomi Watts,The American Film Institute Salute to ...
Naomi Watts,Off Script with The Hollywood Reporter
Naomi Watts,The Impossible
Naomi Watts,Golden Globe Awards
Naomi Watts,Birdman or (The Unexpected Virtue of Ignorance)
Naomi Watts,Icons
Naomi Watts,Inside Taronga Zoo
Naomi Watts,Inside the Actors Studio
Naomi Watts,The Kelly Clarkson Show
Naomi Watts,21 Grams
Naomi Watts,Never Date an Actress
Naomi Watts,Chuck
Naomi Watts,The Early Show
Naomi Watts,Brides of Christ
Naomi Watts,Children of the Corn IV: The Gathering
Naomi Watts,King Kong
Naomi Watts,St. Vincent
Naomi Watts,This Is the Night
Naomi Watts,Fair Game
Naomi Watts,Movie 43
Naomi Watts,The Desperate Hour
Naomi Watts,We Don't Live Here Anymore
Naomi Watts,All's Fair
Naomi Watts,Harmonia
Naomi Watts,Birdman: All-Access (A View From the Wings)
Naomi Watts,Twin Peaks
Naomi Watts,The Housewife
Naomi Watts,Le Divorce
Naomi Watts,The Present
Naomi Watts,BoJack Horseman
Naomi Watts,Funny Games
Naomi Watts,The Custodian
Naomi Watts,Variety Studio: Actors on Actors
Justin Theroux,Lights Out with David Spade
Justin Theroux,The Legend of Lucy Keyes
Justin Theroux,The Late Show with Stephen Colbert
Justin Theroux,The Master: A LEGO Ninjago Short
Justin Theroux,Zoolander
Justin Theroux,New York Undercover
Justin Theroux,Lynch 2
Justin Theroux,Dead Broke
Justin Theroux,Close Up with The Hollywood Reporter
Justin Theroux,Strangers with Candy
Justin Theroux,American Psycho
Justin Theroux,The Spy Who Dumped Me
Justin Theroux,On the Basis of Sex
Justin Theroux,Star Wars: The Last Jedi
Justin Theroux,Central Park West
Justin Theroux,Megamind
Justin Theroux,Happy End
Justin Theroux,Mulholland Dr.
Justin Theroux,The Ten
Justin Theroux,Wanderlust
Justin Theroux,Beetlejuice Beetlejuice
Justin Theroux,The District
Justin Theroux,Camp! The Movie
Justin Theroux,False Positive
Justin Theroux,No Taste Like Home with Antoni Porowski
Justin Theroux,Joker
Justin Theroux,Tropic Thunder: Rain of Madness
Justin Theroux,Your Highness
Justin Theroux,Entertainment Tonight
Justin Theroux,The Girl on the Train
Justin Theroux,Lady and the Tramp
Justin Theroux,Sirens
Justin Theroux,Frogs for Snakes
Justin Theroux,Romy and Michele's High School Reunion
Justin Theroux,Below Utopia
Justin Theroux,The Lego Ninjago Movie
Justin Theroux,Mulholland Drive
Justin Theroux,Six Feet Under
Justin Theroux,The Broken Hearts Club: A Romantic Comedy
Justin Theroux,I Shot Andy Warhol
Justin Theroux,Saturday Night Live
Justin Theroux,Zoolander 2
Justin Theroux,Broken English
Justin Theroux,Mute
Justin Theroux,Miami Vice
Justin Theroux,Spin City
Justin Theroux,Parks and Recreation
Justin Theroux,John Adams
Justin Theroux,Maniac
Justin Theroux,Alias
Justin Theroux,Return to Rajapur
Justin Theroux,The Making of ‘Mulholland Drive’
Justin Theroux,The Sleepy Time Gal
Justin Theroux,The Mosquito Coast
Justin Theroux,Inland Empire
Justin Theroux,Charlie's Angels: Full Throttle
Justin Theroux,Sex and the City
Justin Theroux,The Leftovers
Justin Theroux,The Tonight Show Starring Jimmy Fallon
Justin Theroux,Rick and Morty
Justin Theroux,Bumblebee
Justin Theroux,The Baxter
Justin Theroux,White House Plumbers
Justin Theroux,"Mostra, Venise"
Justin Theroux,Duplex
Justin Theroux,Violet
Justin Theroux,Ally McBeal
Justin Theroux,Dream House
Justin Theroux,More Things That Happened
Justin Theroux,Tropic Thunder
Kimberly Clever,Mulholland Drive
Joshua Collazo,Mulholland Drive
Cori Glazer,Mulholland Drive
Cori Glazer,Behind the Red Curtain
Conte Candoli,Mulholland Drive
Sean Everett,Pandora's Clock
Sean Everett,Cheers
Sean Everett,Cold Case
Sean Everett,Go
Sean Everett,Oliver Beene
Sean Everett,House
Sean Everett,Gilmore Girls
Sean Everett,The Cemetery Club
Sean Everett,Mulholland Dr.
Sean Everett,La torcedura
Sean Everett,Repo
Sean Everett,Mulholland Drive
Lyssie Powell,Mulholland Drive
Johanna Stein,Madagascar: A Little Wild - A Fang-Tastic Halloween
Johanna Stein,Radio Free Steve
Johanna Stein,Madagascar: A Little Wild
Johanna Stein,Curb Your Enthusiasm
Johanna Stein,Mulholland Dr.
Johanna Stein,Mulholland Drive
Tyrah M. Lindsey,Mulholland Dr.
Tyrah M. Lindsey,Mulholland Drive
Adrien Curry,Vegas Vampires
Adrien Curry,Mulholland Drive
Adrien Curry,Mulholland Dr.
Blake Lindsley,Spring Thaw
Blake Lindsley,Criminal Minds
Blake Lindsley,Reacher
Blake Lindsley,S.W.A.T.
Blake Lindsley,Back When We Were Grownups
Blake Lindsley,Mulholland Dr.
Blake Lindsley,I Woke Up Early the Day I Died
Blake Lindsley,Casualties
Blake Lindsley,Hallmark Hall of Fame
Blake Lindsley,Frasier
Blake Lindsley,The Glimmer Man
Blake Lindsley,Dysmorphia
Blake Lindsley,Cold Case
Blake Lindsley,Starship Troopers
Blake Lindsley,Getting In
Blake Lindsley,NCIS
Blake Lindsley,Crossing Jordan
Blake Lindsley,Swingers
Blake Lindsley,CSI: Crime Scene Investigation
Blake Lindsley,Mulholland Drive
Blake Lindsley,Meet The Santas
Blake Lindsley,Coastlines
Blake Lindsley,The Only One
Blake Lindsley,C.O.G.
Blake Lindsley,Leverage
Blake Lindsley,Spaceman
Blake Lindsley,An American Daughter
Blake Lindsley,Backwoods
Blake Lindsley,Star Trek: Deep Space Nine
Blake Lindsley,The Sessions
Blake Lindsley,Betrayal
Blake Lindsley,Hollywood Seagull
Blake Lindsley,Ground Control
Blake Lindsley,JAG
Blake Lindsley,Without a Trace
Blake Lindsley,Dogtown
Blake Lindsley,9-1-1
Blake Lindsley,Plain Dirty
Blake Lindsley,Mister Sterling
Blake Lindsley,The Wall of Mexico
Blake Lindsley,The Killer Inside Me
William Ostrander,Fire and Ice
William Ostrander,Angel
William Ostrander,Touched by an Angel
William Ostrander,Christine
William Ostrander,Red Heat
William Ostrander,Stryker
William Ostrander,Mulholland Dr.
William Ostrander,North and South
William Ostrander,Mike's Murder
William Ostrander,Knots Landing
William Ostrander,Faery
William Ostrander,Mulholland Drive
Lisa K. Ferguson,Mulholland Dr.
Lisa K. Ferguson,Mulholland Drive
Brian Beacock,Buying the Cow
Brian Beacock,Acting Dead
Brian Beacock,Hollow Scream
Brian Beacock,Racing Colt
Brian Beacock,To the Beat!
Brian Beacock,Gary & Mike
Brian Beacock,The Rerun Show
Brian Beacock,Dive Olly Dive: A Hero's Magical Quest
Brian Beacock,Playing It Straight
Brian Beacock,Hatched: Chicks Gone Wild!
Brian Beacock,Based on an Untrue Story
Brian Beacock,Mulholland Dr.
Brian Beacock,Kath & Kim
Brian Beacock,CSI: Crime Scene Investigation
Brian Beacock,Circuit
Brian Beacock,Mulholland Drive
Brian Beacock,Globehunters: An Around the World in 80 Days Adventure
Brian Beacock,Monster Hunter: Legends of the Guild
Michael D. Weatherred,Crimson Tide
Michael D. Weatherred,Double Jeopardy
Michael D. Weatherred,In the Line of Duty: Siege at Marion
Michael D. Weatherred,Project: ALF
Michael D. Weatherred,JAG
Michael D. Weatherred,The Closer
Michael D. Weatherred,The Inside
Michael D. Weatherred,A Very Brady Sequel
Michael D. Weatherred,Automatic
Michael D. Weatherred,The Buttercream Gang
Michael D. Weatherred,Mulholland Dr.
Michael D. Weatherred,Johnny Skidmarks
Michael D. Weatherred,The Stand
Michael D. Weatherred,Boston Common
Michael D. Weatherred,Mulholland Drive
Diane Nelson,Mulholland Dr.
Diane Nelson,Mulholland Drive
Charles Croughwell,Maniac Cop 2
Charles Croughwell,How the Grinch Stole Christmas
Charles Croughwell,Sleepwalkers
Charles Croughwell,Mulholland Dr.
Charles Croughwell,Tales from Zone 7 - An Oral History of the Making of Cherry 2000
Charles Croughwell,Quiet Cool
Charles Croughwell,Mulholland Drive
Charles Croughwell,Maniac Cop
Tom Morris,Mulholland Drive
Tom Morris,Mulholland Dr.
Tom Morris,Your Name Here
Tom Morris,Swordfish
Mo Gallini,Double Threat
Mo Gallini,The Out-Laws
Mo Gallini,Merrily
Mo Gallini,Toxin
Mo Gallini,Father Lefty
Mo Gallini,Weeds
Mo Gallini,Mulholland Dr.
Mo Gallini,Deadline
Mo Gallini,Dangerous Matrimony
Mo Gallini,Seinfeld
Mo Gallini,Melrose Place
Mo Gallini,Castle
Mo Gallini,Seal Team Six: The Raid on Osama Bin Laden
Mo Gallini,NCIS
Mo Gallini,Clubland
Mo Gallini,NCIS: Los Angeles
Mo Gallini,Murder in Mexico
Mo Gallini,V.I.P.
Mo Gallini,End of Days
Mo Gallini,Poodle Springs
Mo Gallini,Brooklyn South
Mo Gallini,Mulholland Drive
Mo Gallini,Powderburn
Mo Gallini,Shark
Mo Gallini,Get Smart
Mo Gallini,A Better Way to Die
Mo Gallini,Treasure Buddies
Mo Gallini,"Mike Hammer, Private Eye"
Mo Gallini,Armed Response
Mo Gallini,Warrior
Mo Gallini,Break Even
Mo Gallini,MacGyver
Mo Gallini,Mr. & Mrs. Smith
Mo Gallini,Babylon 5: A Call to Arms
Mo Gallini,Crimson Tide
Mo Gallini,JAG
Mo Gallini,Pacific Blue
Mo Gallini,Born to Lose
Mo Gallini,"Beverly Hills, 90210"
Mo Gallini,Bluff City Law
Mo Gallini,2 Fast 2 Furious
Mo Gallini,24
Mo Gallini,Chicago Fire
Mo Gallini,Drillbit Taylor
Mo Gallini,Alien Avengers
Daniel Rey,Who the Fuck Is That Guy?: The Fabulous Journey of Michael Alago
Daniel Rey,Deep Blue Sea
Daniel Rey,Mulholland Dr.
Daniel Rey,Susan's Plan
Daniel Rey,Mulholland Drive
Joseph Kearney,Mulholland Dr.
Joseph Kearney,Mulholland Drive
Richard Mead,Mulholland Dr.
Richard Mead,Mulholland Drive
Enrique Buelna,Mulholland Dr.
Enrique Buelna,Mulholland Drive
David Schroeder,Williamsport
David Schroeder,The Deadly Intruder
David Schroeder,The Queen of Screams
David Schroeder,Mulholland Dr.
David Schroeder,Dead Bird Don't Fly
David Schroeder,Fresh Kill
David Schroeder,Frances
David Schroeder,Hard Rock Zombies
David Schroeder,Mango Sticky Rice
David Schroeder,"Rich Men, Single Women"
David Schroeder,Donkey
David Schroeder,Mulholland Drive
David Schroeder,Airwolf
David Schroeder,Night Visitors
David Schroeder,Edge of Space
David Schroeder,Falcon Crest
David Schroeder,"Endings, Beginnings"
David Schroeder,Ghost Ship
David Schroeder,The Adventures of Megabyte Man
David Schroeder,Community
David Schroeder,You Can Play
David Schroeder,The Truth
David Schroeder,Watercolors
David Schroeder,Slut
David Schroeder,Decker
David Schroeder,The Exes
Maya Bond,Mulholland Dr.
Maya Bond,Mulholland Drive
Randall Wulff,End of the Road
Randall Wulff,American Crime Story
Randall Wulff,The Pickle
Randall Wulff,Invaders from Mars
Randall Wulff,Mulholland Dr.
Randall Wulff,Mulholland Drive
Randall Wulff,iCarly
Robert Katims,The Bride in Black
Robert Katims,Broadcast News
Robert Katims,Law & Order
Robert Katims,Mulholland Dr.
Robert Katims,Tales from the Crypt
Robert Katims,Seinfeld
Robert Katims,The Pallbearer
Robert Katims,Zero Effect
Robert Katims,Mulholland Drive
Robert Katims,Eat or Be Eaten
Robert Katims,The Equalizer
Robert Katims,Boston Public
Robert Katims,Early Bird Special
Robert Katims,House
Robert Katims,Down with Love
Robert Katims,The King of Queens
Robert Katims,Presumed Innocent
Robert Katims,My So-Called Life
Robert Katims,Relativity
Robert Katims,Roswell
Katharine Towne,Trespassing
Katharine Towne,Something New
Katharine Towne,LD 50 Lethal Dose
Katharine Towne,Go
Katharine Towne,Without Limits
Katharine Towne,Scream at the Sound of the Beep
Katharine Towne,Sol Goode
Katharine Towne,Mulholland Dr.
Katharine Towne,Tell Me You Love Me
Katharine Towne,What Lies Beneath
Katharine Towne,M.Y.O.B.
Katharine Towne,Undeclared
Katharine Towne,Evolution
Katharine Towne,Blades of Glory
Katharine Towne,Town & Country
Katharine Towne,Girl
Katharine Towne,Buffy the Vampire Slayer
Katharine Towne,Mulholland Drive
Katharine Towne,She's All That
Katharine Towne,Blur
Katharine Towne,Barry Dingle
Katharine Towne,The Anarchist Cookbook
Katharine Towne,Sweet Home Alabama
Katharine Towne,Beauty and the Least
Katharine Towne,Easy Sex
Katharine Towne,Amar
Katharine Towne,Mr. Dramatic
Katharine Towne,The In Crowd
Katharine Towne,The Bachelor
Katharine Towne,But I'm a Cheerleader
Michael Des Barres,Batman: The Animated Series
Michael Des Barres,Double Switch
Michael Des Barres,Deep Red
Michael Des Barres,California Solo
Michael Des Barres,Suits
Michael Des Barres,A Simple Twist of Fate
Michael Des Barres,J.J. Starbuck
Michael Des Barres,The Rockford Files
Michael Des Barres,The Man from Elysian Fields
Michael Des Barres,She Spies
Michael Des Barres,My Guide to Becoming a Rock Star
Michael Des Barres,Dead Like Me
Michael Des Barres,Marker
Michael Des Barres,Charmed
Michael Des Barres,Providence
Michael Des Barres,Just Shoot Me!
Michael Des Barres,The Hungry Bachelors Club
Michael Des Barres,Michael Des Barres: Who Do You Want Me To Be?
Michael Des Barres,Hawaii
Michael Des Barres,Poison Ivy: The New Seduction
Michael Des Barres,The High Crusade
Michael Des Barres,Frasier
Michael Des Barres,Super Force
Michael Des Barres,"To Sir, with Love"
Michael Des Barres,21 Jump Street
Michael Des Barres,Sliders
Michael Des Barres,Roseanne
Michael Des Barres,Seinfeld
Michael Des Barres,Melrose Place
Michael Des Barres,ALF
Michael Des Barres,Nip/Tuck
Michael Des Barres,Lois & Clark: The New Adventures of Superman
Michael Des Barres,Does Anyone Care What Anyone Says In Rock’n’Roll?
Michael Des Barres,Poison
Michael Des Barres,Nightflyers
Michael Des Barres,Sugar Town
Michael Des Barres,The Commish
Michael Des Barres,Under Siege
Michael Des Barres,Bones
Michael Des Barres,CSI: Crime Scene Investigation
Michael Des Barres,Catch That Kid
Michael Des Barres,Me
Michael Des Barres,Mulholland Drive
Michael Des Barres,Diary of a Sex Addict
Michael Des Barres,Spider-Man
Michael Des Barres,Mortal Kombat: Defenders of the Realm
Michael Des Barres,The Hitchhiker
Michael Des Barres,Ellen
Michael Des Barres,Love Lounge
Michael Des Barres,Sledge Hammer!
Michael Des Barres,WKRP in Cincinnati
Michael Des Barres,Waxwork II: Lost in Time
Michael Des Barres,The New WKRP in Cincinnati
Michael Des Barres,Cagney & Lacey
Michael Des Barres,The Finder
Michael Des Barres,Miami Vice
Michael Des Barres,MacGyver
Michael Des Barres,Alias
Michael Des Barres,Good Advice
Michael Des Barres,The Jungle Book: Search for the Lost Treasure
Michael Des Barres,Four Kings
Michael Des Barres,Hart to Hart
Michael Des Barres,"Arrivederci, Baby!"
Michael Des Barres,JAG
Michael Des Barres,Pink Cadillac
Michael Des Barres,Superboy
Michael Des Barres,Gilmore Girls
Rena Riffel,Showgirls 2: The Cut
Rena Riffel,The Pornographer
Rena Riffel,Dante's Cove
Rena Riffel,The Trouble with Barry
Rena Riffel,Married... with Children
Rena Riffel,The Man Who Thought He Was Salvador Dali
Rena Riffel,Maximum Justice
Rena Riffel,Showgirls 2: Penny's from Heaven
Rena Riffel,Bound Cargo
Rena Riffel,Strip Mall
Rena Riffel,Singapore Sling
Rena Riffel,Caligula's Spawn - Part 2
Rena Riffel,Summoned
Rena Riffel,Celebrity Rehab with Dr. Drew
Rena Riffel,Between Christmas and New Year's
Rena Riffel,Shark in a Bottle
Rena Riffel,Candyman: Day of the Dead
Rena Riffel,Dark Confessions
Rena Riffel,Undercover
Rena Riffel,Showgirls
Rena Riffel,Skin: A History of Nudity in the Movies
Rena Riffel,Smiling Fish & Goat On Fire
Rena Riffel,Satan's Princess
Rena Riffel,National Lampoon's Gold Diggers
Rena Riffel,Land's End
Rena Riffel,Mulholland Drive
Rena Riffel,Breast Men
Rena Riffel,Exit to Hell
Rena Riffel,MP Da Last Don
Rena Riffel,"One, Two, Many"
Rena Riffel,Spreading Darkness
Rena Riffel,No Escape
Rena Riffel,Clueless
Rena Riffel,My Wife Is at Home
Rena Riffel,Trasharella Ultra Vixen
Rena Riffel,The Pretender
Rena Riffel,Emmanuelle Through Time: Emmanuelle's Supernatural Sexual Activity
Rena Riffel,Astrid's Self Portrait
Rena Riffel,Emmanuelle Through Time: Rod Steele 0014 & Naked Agent 0069
Rena Riffel,Art Deco Detective
Rena Riffel,Emmanuelle Through Time: Emmanuelle's Skin City
Rena Riffel,Caligula's Spawn - Part 1
Rena Riffel,Dark Reel
Rena Riffel,Trasharella
Rena Riffel,Gunmen
Rena Riffel,Time Warp Vol. 3: Comedy and Camp
Rena Riffel,Striptease
Rena Riffel,Emmanuelle Through Time: Emmanuelle's Forbidden Pleasures
Rena Riffel,Wild Roomies
Kate Forster,"Me, Myself & Irene"
Kate Forster,Family Tree
Kate Forster,Grey's Anatomy
Kate Forster,The Joe Spinell Story
Kate Forster,Hollywood Harry
Kate Forster,Thank Heaven
Kate Forster,Mulholland Dr.
Kate Forster,Strong Medicine
Kate Forster,Mulholland Drive
Michael Des Barres,Ghoulies
Michael Des Barres,Silk Degrees
Michael Des Barres,Midnight Cabaret
Michael Des Barres,St. Elsewhere
Michael Des Barres,Arizona Slim
Michael Des Barres,"I, Monster"
Michael Des Barres,E! True Hollywood Story
Michael Des Barres,L.A. Law
Michael Des Barres,The Pretender
Michael Fairman,Judging Amy
Michael Fairman,Hill Street Blues
Michael Fairman,Mulholland Dr.
Michael Fairman,21 Jump Street
Michael Fairman,Bob
Michael Fairman,Lou Grant
Michael Fairman,Mulholland Drive
Michael Fairman,The Banker
Michael Fairman,Remington Steele
Michael Fairman,Sunset Beach
Michael Fairman,WKRP in Cincinnati
Michael Fairman,Night Stalker
Michael Fairman,Will Trent
Michael Fairman,Black Scorpion Returns
Michael Fairman,Apollo 11: First Steps on the Moon
Michael Fairman,Night Court
Michael Fairman,Eddie Dodd
Michael Fairman,Viper
Michael Fairman,The King of Queens
Michael Fairman,JAG
Michael Fairman,The A-Team
Michael Fairman,Firefly
Michael Fairman,Dead Silence
Michael Fairman,Monk
Michael Fairman,Wings
Michael Fairman,The Christmas Wish
Michael Fairman,Mama's Family
Michael Fairman,Dynasty
Michael Fairman,Dark Streets
Michael Fairman,Providence
Michael Fairman,An Unfinished Affair
Michael Fairman,7th Heaven
Michael Fairman,A Question of Guilt
Michael Fairman,Fly Away Home
Michael Fairman,Marilyn: The Untold Story
Michael Fairman,Anatomy of an Illness
Michael Fairman,The Hard Easy
Michael Fairman,Boston Public
Michael Fairman,I Dream of Jeannie... Fifteen Years Later
Michael Fairman,Kid Cop
Michael Fairman,ER
Michael Fairman,MacGyver
Michael Fairman,Bloodsucking Pharaohs in Pittsburgh
Michael Fairman,Ghost Whisperer
Tony Longo,Coach
Tony Longo,The Takeover
Tony Longo,Mulholland Dr.
Tony Longo,Living Single
Tony Longo,Simon & Simon
Tony Longo,Sixteen Candles
Tony Longo,Let It Ride
Tony Longo,Entourage
Tony Longo,The Fresh Prince of Bel-Air
Tony Longo,Martial Law
Tony Longo,21 Jump Street
Tony Longo,Splash
Tony Longo,Stargate SG-1
Tony Longo,Angels in the Outfield
Tony Longo,Mulholland Drive
Tony Longo,Illegally Yours
Tony Longo,The Equalizer
Tony Longo,Night Court
Tony Longo,The Last Boy Scout
Tony Longo,CBS Schoolbreak Special
Tony Longo,Shameless
Tony Longo,Road to Redemption
Tony Longo,Suburban Commando
Tony Longo,Worth Winning
Tony Longo,The Marrying Man
Tony Longo,Just Our Luck
Tony Longo,Monk
Tony Longo,New York News
Tony Longo,Inside TV Land
Tony Longo,Triplecross
Tony Longo,The Cooler
Tony Longo,Remote
Tony Longo,Sydney
Tony Longo,Mr. Destiny
Tony Longo,Between the Lions
Tony Longo,In the Mood
Tony Longo,Six Feet Under
Michael Fairman,Murphy Brown
Michael Fairman,The Powers of Matthew Star
Michael Fairman,Without a Trace
Michael Fairman,Like Normal People
Michael Fairman,Scared Straight! Another Story
Michael Fairman,The Anderson Tapes
Michael Fairman,The X-Files
Michael Fairman,Love Comes to the Executioner
Michael Fairman,L.A. Law
Michael Fairman,Bosom Buddies
Michael Fairman,Quantum Leap
Michael Fairman,"Murder, She Wrote"
Michael Fairman,Thirteen Days
Michael Fairman,Family Law
Michael Fairman,Alien Nation
Michael Fairman,Mad About You
Michael Fairman,Forces of Nature
Michael Fairman,Cupid
Michael Fairman,Seinfeld
Michael Fairman,Righteous Thieves
Michael Fairman,Stingray
Michael Fairman,Any Which Way You Can
Michael Fairman,Boy Meets World
Michael Fairman,After the Reality
Michael Fairman,The Nurse
Michael Fairman,Cagney & Lacey
Michael Fairman,"Mike Hammer, Private Eye"
Michael Fairman,The Late Shift
Michael Fairman,Star Trek: Deep Space Nine
Michael Fairman,Freedom Strike
Michael Fairman,Hart to Hart
Michael Fairman,The French Atlantic Affair
Michael Fairman,Down and Out in Beverly Hills
Michael Fairman,The Practice
Michael Fairman,Charlie Chan and the Curse of the Dragon Queen
Michael Fairman,Charlie's Angels
Michael Fairman,Hunter
Michael Fairman,"The Adventures of Brisco County, Jr."
Michael Fairman,Black Scorpion
Michael Fairman,Arliss
Michael Fairman,Beyond Belief: Fact or Fiction
Michael Fairman,Father Stu
Michael Fairman,Medium
Michael Fairman,Mrs. Columbo
Michael Fairman,Newhart
Michael Fairman,Dharma & Greg
Michael Fairman,The Perfect Tenant
Michael Fairman,Just Shoot Me!
Michael Fairman,Cheers
Michael Fairman,Tour of Duty
Michael Fairman,Cold Case
Michael Fairman,Knight Rider
Michael Fairman,Bones
Michael Fairman,Brooklyn South
Michael Fairman,The Great White Hype
Michael Fairman,Peeping Times
Michael Fairman,The Perfect Wife
Michael Fairman,Sons of Anarchy
Michael Fairman,Taxi
Michael Fairman,Found Money
Michael Fairman,Scarecrow and Mrs. King
Tony Longo,Pizza with Bullets
Tony Longo,Rapid Fire
Tony Longo,That's So Raven
Tony Longo,Hard Luck
Tony Longo,ER
Tony Longo,Winners Take All
Tony Longo,Alice
Tony Longo,Young at Heart
Tony Longo,CHiPs
Tony Longo,Come Fly With Me
Tony Longo,Full House
Tony Longo,Family Matters
Tony Longo,The X-Files
Tony Longo,The Parent 'Hood
Tony Longo,E! True Hollywood Story
Tony Longo,The Facts of Life
Tony Longo,Tracey Takes On...
Tony Longo,Prehysteria!
Tony Longo,Hardcastle and McCormick
Tony Longo,Matt Houston
Tony Longo,National Lampoon's Last Resort
Tony Longo,Stitches
Tony Longo,Renegade
Tony Longo,Intersection
Tony Longo,The Michael Richards Show
Tony Longo,Herndon
Tony Longo,Drake & Josh
Tony Longo,Happy Days
Tony Longo,Small & Frye
Tony Longo,Police Academy: The Series
Tony Longo,Some of My Best Friends
Tony Longo,Pound Puppies and the Legend of Big Paw
Tony Longo,The Mentalist
Tony Longo,Good Sports
Tony Longo,Empty Nest
Tony Longo,Laverne & Shirley
Tony Longo,Hell Town
Tony Longo,Stingray
Tony Longo,Anything But Love
Tony Longo,The Electric Company
Tony Longo,Perry Mason: The Case of the Grimacing Governor
Tony Longo,Think Big
Tony Longo,"Love, Inc."
Tony Longo,1st & Ten
Tony Longo,The Violent Kind
Tony Longo,Mr. & Mrs. Smith
Tony Longo,Living in Peril
Tony Longo,Houseguest
Tony Longo,Feds
Tony Longo,Jake's Corner
Tony Longo,Madame's Place
Tony Longo,Pink Motel
Tony Longo,Jeremiah
Tony Longo,Hunter
Tony Longo,Beauty and the Beast
Tony Longo,Big Packages
Tony Longo,Fletch
Tony Longo,Nash Bridges
Tony Longo,Eraser
Tony Longo,Ace Hits The Big Time
Tony Longo,Unlawful Entry
Tony Longo,How to Lose a Guy in 10 Days
Tony Longo,Bunny Whipped
Tony Longo,Something Wilder
Tony Longo,Crossing Jordan
Tony Longo,Who's the Boss?
Tony Longo,Surfside 6
Tony Longo,Get Smart
Tony Longo,The Art of Dying
Tony Longo,Bloodhounds of Broadway
Tony Longo,Peter Gunn
Tony Longo,Hangin' with Mr. Cooper
Tony Longo,The Tony Longo Trilogy
Tony Longo,Serving Sara
Tony Longo,The Flintstones in Viva Rock Vegas
Tony Longo,Heart of the City
Tony Longo,The Fall of Night
Tony Longo,The Sentinel
Tony Longo,Pacific Blue
Tony Longo,Fangs
Tony Longo,Father of Hell Town
Tony Longo,Pete Smalls Is Dead
Missy Crider,Butterfly Dreaming
Missy Crider,The Ernest Green Story
Missy Crider,CSI: Miami
Missy Crider,Frailty
Missy Crider,Law & Order: Criminal Intent
Missy Crider,"Sleep, Baby, Sleep"
Missy Crider,Mulholland Dr.
Missy Crider,Seclusion
Missy Crider,Instinct to Kill
Missy Crider,The Beast
Missy Crider,Out of the Woods
Missy Crider,Powder
Missy Crider,CSI: Crime Scene Investigation
Missy Crider,Conversations in Limbo
Missy Crider,The Incredible Ida Early
Missy Crider,The Guardian
Missy Crider,Mulholland Drive
Missy Crider,Stand-Ins
Missy Crider,Law & Order: Special Victims Unit
Missy Crider,Until the Night
Missy Crider,Murder One
Missy Crider,Girls in Prison
Missy Crider,Jane's House
Missy Crider,Millennium
Missy Crider,Eyes of Terror
Missy Crider,House
Missy Crider,Gigli
Missy Crider,A Boy Called Hate
Missy Crider,Sins of the Mind
Missy Crider,Good Advice
Missy Crider,The Others
Missy Crider,Quicksilver Highway
Missy Crider,The Sex Monster
Missy Crider,A Mother's Revenge
Missy Crider,Alien Cargo
Missy Crider,Reeseville
Missy Crider,Without a Trace
Missy Crider,Race Against Time: The Search for Sarah
Missy Crider,Huff
Missy Crider,24
Tad Horino,Amazing Stories
Tad Horino,Panic in Echo Park
Tad Horino,At Face Value
Tad Horino,The Blue Knight
Tad Horino,Hito Hata: Raise the Banner
Tad Horino,Mulholland Dr.
Tad Horino,Wonder Woman
Tad Horino,Tour of Duty
Tad Horino,Bill & Ted's Bogus Journey
Tad Horino,Tales of the Unexpected
Tad Horino,Airport 1975
Tad Horino,M*A*S*H
Tad Horino,Galaxina
Tad Horino,Bachelor Party
Tad Horino,Dimension 5
Tad Horino,Brother
Tad Horino,Anna and the King
Tad Horino,Mannix
Tad Horino,Mulholland Drive
Tad Horino,"Warm Hearts, Cold Feet"
Tad Horino,Ironside
Tad Horino,Teenage Mutant Ninja Turtles III
Tad Horino,Night Court
Tad Horino,Come See the Paradise
Tad Horino,The Outlaws
Tad Horino,Surf Ninjas
Tad Horino,Go Tell the Spartans
Tad Horino,Red Sonja
Tad Horino,Kung Fu
Tad Horino,Columbo
Tad Horino,Homer and Eddie
Tad Horino,Kung Pow: Enter the Fist
Tad Horino,Uncommon Valor
Tad Horino,Pacific Inferno
Tad Horino,Charlie's Angels
Tad Horino,Eliminators
Tad Horino,Knots Landing
Tad Horino,Joint Venture
Tad Horino,Going Under
Lisa Lackey,Just Cause
Lisa Lackey,Blood Crime
Lisa Lackey,Medium
Lisa Lackey,Vanished
Lisa Lackey,Mulholland Dr.
Lisa Lackey,Heroes
Lisa Lackey,Sliders
Lisa Lackey,Crossing Jordan
Lisa Lackey,Bones
Lisa Lackey,CSI: Crime Scene Investigation
Lisa Lackey,Mulholland Drive
Lisa Lackey,Shark
Lisa Lackey,L.A. County 187
Lisa Lackey,The Last Sin Eater
Lisa Lackey,Cody: Fall from Grace
Lisa Lackey,House
Lisa Lackey,Black Balsam
Lisa Lackey,Kicking & Screaming
Lisa Lackey,Planet of the Apes
Lisa Lackey,Strong Medicine
Lisa Lackey,Fallen
Lisa Lackey,New Alcatraz
Lisa Lackey,The Pretender
Michele Hicks,Elementary
Michele Hicks,Messengers
Michele Hicks,Law & Order: Criminal Intent
Michele Hicks,CSI: NY
Michele Hicks,The Shield
Michele Hicks,Distress
Michele Hicks,Mulholland Dr.
Michele Hicks,Cold Case
Michele Hicks,Magnum P.I.
Michele Hicks,The Wicked Within
Michele Hicks,The Mentalist
Michele Hicks,Heist
Michele Hicks,Mulholland Drive
Michele Hicks,Twin Falls Idaho
Michele Hicks,Law & Order: Special Victims Unit
Michele Hicks,Mr. Robot
Michele Hicks,2 Bedroom 1 Bath
Michele Hicks,Orange Is the New Black
Michele Hicks,The Gateway
Michele Hicks,Chlorine
Michele Hicks,Deadly Little Secrets
Michele Hicks,The Unheard
Michele Hicks,Life
Michele Hicks,What We Do Is Secret
Michele Hicks,Guns for Hire
Wayne Grace,Lord of Illusions
Wayne Grace,Heroes Stand Alone
Wayne Grace,The Rockford Files
Wayne Grace,Volcano
Wayne Grace,Medium
Wayne Grace,Kojak
Wayne Grace,Magnum Force
Wayne Grace,Mulholland Dr.
Wayne Grace,Six Against the Rock
Wayne Grace,It Runs in the Family
Wayne Grace,Slumber Party Massacre III
Wayne Grace,Tales from the Crypt
Wayne Grace,Frasier
Wayne Grace,Odd Jobs
Wayne Grace,Wonder Woman
Wayne Grace,McCabe & Mrs. Miller
Wayne Grace,Stolen Memories: Secrets from the Rose Garden
Wayne Grace,Buried Alive
Wayne Grace,Libra
Wayne Grace,Seinfeld
Wayne Grace,The Chase
Wayne Grace,Mask
Wayne Grace,Scanner Cop
Wayne Grace,Alien Avengers II
Wayne Grace,In the Mood
Wayne Grace,Mulholland Drive
Wayne Grace,Twins
Wayne Grace,Wild and Wooly
Wayne Grace,The Thing Called Love
Wayne Grace,The Lazarus Man
Wayne Grace,Friday the 13th: The Final Chapter
Wayne Grace,Fire in the Sky
Wayne Grace,Far and Away
Wayne Grace,Wizards of the Lost Kingdom II
Wayne Grace,Night Court
Wayne Grace,Falcon Crest
Wayne Grace,All About Steve
Wayne Grace,Star Trek: The Next Generation
Wayne Grace,Star Trek: Deep Space Nine
Wayne Grace,Coyote County Loser
Wayne Grace,Easy Sex
Wayne Grace,Fallen Angels
Wayne Grace,The Running Man
Wayne Grace,Homer and Eddie
Wayne Grace,The Work and the Glory
Wayne Grace,Dances with Wolves
Wayne Grace,Star Trek: Enterprise
Wayne Grace,The X-Files
Wayne Grace,I Don't Know Jack
Wayne Grace,Madman of the People
Wayne Grace,Frank Nitti: The Enforcer
Vincent Castellanos,The Master of Disguise
Vincent Castellanos,Primary Suspect
Vincent Castellanos,Eulogy
Vincent Castellanos,The Sentinel
Vincent Castellanos,The Disciples
Vincent Castellanos,The Last Marshal
Vincent Castellanos,Fascination
Vincent Castellanos,K-911
Vincent Castellanos,Lost in the Pershing Point Hotel
Vincent Castellanos,Twin Peaks
Vincent Castellanos,Mulholland Dr.
Vincent Castellanos,The Crow: City of Angels
Vincent Castellanos,Mulholland Drive
Vincent Castellanos,Anaconda
Billy Ray Cyrus,Glisten and the Merry Mission
Billy Ray Cyrus,Flying By
Billy Ray Cyrus,Radical Jack
Billy Ray Cyrus,Hannah Montana: The Movie
Billy Ray Cyrus,Dolly Parton's Pet Gala
Billy Ray Cyrus,Hannah-Oke
Billy Ray Cyrus,Tootsie's Orchid Lounge: Where the Music Began
Billy Ray Cyrus,The Nanny
Billy Ray Cyrus,Elvis Has Left the Building
Billy Ray Cyrus,2Everything2Terrible2: Tokyo Drift
Billy Ray Cyrus,Demi Lovato: Simply Complicated
Billy Ray Cyrus,Hillbilly The Real Story
Billy Ray Cyrus,That's So Suite Life of Hannah Montana
Billy Ray Cyrus,The World According to Miley Cyrus
Billy Ray Cyrus,The Miley and Mandy Show
Billy Ray Cyrus,Mulholland Dr.
Billy Ray Cyrus,Doc
Billy Ray Cyrus,Wizards on Deck with Hannah Montana
Billy Ray Cyrus,America's Funniest Home Videos
Billy Ray Cyrus,Degrassi
Billy Ray Cyrus,The Kelly Clarkson Show
Billy Ray Cyrus,Love Boat: The Next Wave
Billy Ray Cyrus,One World: Together at Home
Billy Ray Cyrus,Diagnosis: Murder
Billy Ray Cyrus,Studio DC: Almost Live
Billy Ray Cyrus,Wish You Were Dead
Billy Ray Cyrus,Sharknado 2: The Second One
Billy Ray Cyrus,Christmas in Canaan
Billy Ray Cyrus,Bait Shop
Billy Ray Cyrus,Carpool Karaoke: The Series
Billy Ray Cyrus,Mulholland Drive
Billy Ray Cyrus,Dolly Parton's Mountain Magic Christmas
Billy Ray Cyrus,The Grammys
Billy Ray Cyrus,CMT Music Awards
Billy Ray Cyrus,The Muppets - Studio DC - Almost Live
Billy Ray Cyrus,90210
Billy Ray Cyrus,Death and Texas
Billy Ray Cyrus,The View
Billy Ray Cyrus,Still the King
Billy Ray Cyrus,American Reject
Billy Ray Cyrus,The Megan Mullally Show
Billy Ray Cyrus,The Spy Next Door
Billy Ray Cyrus,Miley Cyrus Presents Stand by You
Billy Ray Cyrus,Christmas in Paradise
Billy Ray Cyrus,Christmas Comes Home to Canaan
Billy Ray Cyrus,Like a Country Song
Billy Ray Cyrus,Wish Gone Amiss
Billy Ray Cyrus,Blaze and the Monster Machines
Billy Ray Cyrus,Hannah Montana & Miley Cyrus: Best of Both Worlds Concert
Billy Ray Cyrus,Phineas and Ferb
Billy Ray Cyrus,Harry
Billy Ray Cyrus,Miley Cyrus: Live at Glastonbury 2019
Billy Ray Cyrus,Hannah Montana
Billy Ray Cyrus,LIVE with Kelly and Mark
Billy Ray Cyrus,35 Years of Friends: Celebrating the Music of Michael W. Smith
Billy Ray Cyrus,The Ellen DeGeneres Show
Billy Ray Cyrus,Dancing with the Stars
Billy Ray Cyrus,Hannah Montana: Livin' the Rock Star Life!
Billy Ray Cyrus,Watch What Happens Live with Andy Cohen
Rita Taggart,Quantum Leap
Rita Taggart,Where Are You
Rita Taggart,The Other Victim
Rita Taggart,Coach
Rita Taggart,Hill Street Blues
Rita Taggart,"Murder, She Wrote"
Rita Taggart,"Splash, Too"
Rita Taggart,A Quiet Little Marriage
Rita Taggart,Wait Till Your Mother Gets Home
Rita Taggart,Weeds
Rita Taggart,Mae West
Rita Taggart,"Hello, Larry"
Rita Taggart,Go for Sisters
Rita Taggart,Inmates: A Love Story
Rita Taggart,The Lilac Thief
Rita Taggart,Born to Be Sold
Rita Taggart,Coming Home
Rita Taggart,Die Laughing
Rita Taggart,The China Syndrome
Rita Taggart,Coupe de Ville
Rita Taggart,Seizure: The Story of Kathy Morris
Rita Taggart,American Playhouse
Rita Taggart,Used Cars
Rita Taggart,The Cartier Affair
Rita Taggart,Where the Bears Are 6
Rita Taggart,1941
Rita Taggart,Mulholland Drive
Rita Taggart,The Big Empty
Rita Taggart,Straight Time
Rita Taggart,Where the Bears Are 4
Rita Taggart,Night Court
Rita Taggart,Knots Landing
Rita Taggart,Crossing the Bridge
Rita Taggart,Columbo
Rita Taggart,The Horror Show
Rita Taggart,Torchlight
Rita Taggart,Steal Big Steal Little
Rita Taggart,Hunter
Rita Taggart,Strong Medicine
Rita Taggart,Rape and Marriage: The Rideout Case
Rita Taggart,Limbo
Rita Taggart,At Home with the Webbers
Geno Silva,Amistad
Geno Silva,"Murder, She Wrote"
Geno Silva,A Man Apart
Geno Silva,El Diablo
Geno Silva,Thomasine & Bushrod
Geno Silva,Mulholland Dr.
Geno Silva,Ishi: The Last of His Tribe
Geno Silva,Police Story: Cop Killer
Geno Silva,Geronimo
Geno Silva,Tortilla Heaven
Geno Silva,It Is Now Our Time: Peter Sellars’ The Merchant of Venice
Geno Silva,Night Eyes II
Geno Silva,My Mom's a Werewolf
Geno Silva,Scarface
Geno Silva,Mean Dog Blues
Geno Silva,1941
Geno Silva,Mulholland Drive
Geno Silva,Key West
Geno Silva,Zoot Suit
Geno Silva,The Captive: The Longest Drive 2
Geno Silva,The Lost World: Jurassic Park
Geno Silva,Wild Times
Geno Silva,Favorite Son
Geno Silva,MacGyver
Geno Silva,Belle Starr
Geno Silva,T. J. Hooker
Geno Silva,Tequila Sunrise
Geno Silva,Fugitive Nights: Danger in the Desert
Geno Silva,The Sentinel
Geno Silva,Wanda Nevada
Geno Silva,Drug Wars: The Cocaine Cartel
Geno Silva,Star Trek: Enterprise
Geno Silva,Hunter
Michael J. Anderson,Warriors of Virtue
Michael J. Anderson,The Phantom Eye
Michael J. Anderson,Suffering Bastards
Michael J. Anderson,The Great Land of Small
Michael J. Anderson,Mulholland Dr.
Michael J. Anderson,Charmed
Michael J. Anderson,Scooby-Doo! Mystery Incorporated
Michael J. Anderson,No Such Thing as Gravity
Michael J. Anderson,Whatever Happened to Mason Reese
Michael J. Anderson,Reflections on the Phenomenon of Twin Peaks
Michael J. Anderson,Snow White
Michael J. Anderson,Little Mike: A Videoportrait of Michael Anderson
Michael J. Anderson,First You Live Then You Die
Michael J. Anderson,An Introduction to David Lynch
Michael J. Anderson,Mulholland Drive
Michael J. Anderson,Fool's Fire
Michael J. Anderson,Tiptoes
Michael J. Anderson,Learning to Speak in the Red Room
Michael J. Anderson,Ava's Magical Adventure
Michael J. Anderson,Club Vampire
Michael J. Anderson,Screwed
Michael J. Anderson,Minimum Wage
Michael J. Anderson,Carnivàle
Michael J. Anderson,Star Trek: Deep Space Nine
Michael J. Anderson,Mannequin Two: On the Move
Michael J. Anderson,Twin Peaks: Fire Walk with Me
Michael J. Anderson,In the Soup
Michael J. Anderson,Postcards From The Cast
Michael J. Anderson,Industrial Symphony No. 1: The Dream of the Brokenhearted
Michael J. Anderson,Twin Peaks
Michael J. Anderson,Twin Peaks: The Missing Pieces
Michael J. Anderson,The X-Files
Michael J. Anderson,Port Charles
Dan Birnbaum,Mulholland Dr.
Dan Birnbaum,Mulholland Drive
Lori Heuring,Weeping Shriner
Lori Heuring,Mental
Lori Heuring,Within
Lori Heuring,The Poker Club
Lori Heuring,The Newton Boys
Lori Heuring,Mummy an' the Armadillo
Lori Heuring,The Operator
Lori Heuring,Nailed
Lori Heuring,Perfect Romance
Lori Heuring,Hallmark Hall of Fame
Lori Heuring,Mulholland Dr.
Lori Heuring,Snake Tales
Lori Heuring,7th Heaven
Lori Heuring,Just Go with It
Lori Heuring,Cross: Rise of the Villains
Lori Heuring,The Gates
Lori Heuring,False Prophets
Lori Heuring,Magic
Lori Heuring,Anger Management
Lori Heuring,Prom Night
Lori Heuring,Wicked Little Things
Lori Heuring,Texas Justice
Lori Heuring,King's Highway
Lori Heuring,Undiscovered
Lori Heuring,8MM 2
Lori Heuring,Mulholland Drive
Lori Heuring,Taboo
Lori Heuring,Early Edition
Lori Heuring,8 Seconds
Lori Heuring,Get a Job
Lori Heuring,Ellen
Lori Heuring,Murder One
Lori Heuring,Hunger
Lori Heuring,Alias
Lori Heuring,Blade Squad
Lori Heuring,The Visitor
Lori Heuring,Cross Wars
Lori Heuring,True Blue
Lori Heuring,"Walker, Texas Ranger"
Lori Heuring,The Locket
Lori Heuring,Soccer Dog 2: European Cup
Lori Heuring,Restaurant
Lori Heuring,Connecting Dots
Lori Heuring,Runaway Jury
Lori Heuring,Animal Room
Lori Heuring,The In Crowd
Lori Heuring,Cross
Lori Heuring,Pretty When You Cry
Rebekah Del Rio,The Music of David Lynch
Rebekah Del Rio,This Teacher
Rebekah Del Rio,Southland Tales
Rebekah Del Rio,Twin Peaks
Rebekah Del Rio,Rabbits
Rebekah Del Rio,2307: Winter's Dream
Rebekah Del Rio,Mulholland Drive
Marcus Graham,Cold Hearts
Marcus Graham,Green Sails
Marcus Graham,Underbelly
Marcus Graham,E Street
Marcus Graham,Rove
Marcus Graham,Myall Creek: Day of Justice
Marcus Graham,The Last Embrace
Marcus Graham,Point of No Return
Marcus Graham,Secret City
Marcus Graham,Mulholland Dr.
Marcus Graham,Charmed
Marcus Graham,The Flying Doctors
Marcus Graham,Picnic at Hanging Rock
Marcus Graham,The Battlers
Marcus Graham,Three Blind Mice
Marcus Graham,Justice
Marcus Graham,Nicolas
Marcus Graham,Rip Tide
Marcus Graham,Mulholland Drive
Marcus Graham,SLiDE
Marcus Graham,Blue Murder
Marcus Graham,Roll
Marcus Graham,Jack Irish
Marcus Graham,Dangerous Game
Marcus Graham,Reef Break
Marcus Graham,Sins of the City
Marcus Graham,Woman with an Editing Bench
Marcus Graham,BlackJack: Ghosts
Marcus Graham,Horseplay
Marcus Graham,"Good Guys, Bad Guys"
Marcus Graham,Secret Men's Business
Marcus Graham,Crimetime
Marcus Graham,Home and Away
Marcus Graham,Josh Jarman
Marcus Graham,Three Chords and a Wardrobe
Marcus Graham,Time Trackers
Marcus Graham,The Heights
Marcus Graham,Halifax f.p.
Bonnie Aarons,The Bell Keeper
Bonnie Aarons,The Closet
Bonnie Aarons,The Conjuring 2
Bonnie Aarons,The Fighter
Bonnie Aarons,Little Bites
Bonnie Aarons,Mulholland Dr.
Bonnie Aarons,Dahmer vs. Gacy
Bonnie Aarons,If It Bleeds
Bonnie Aarons,Jakob's Wife
Bonnie Aarons,The Evolution of Horror Cinema Worldwide
Bonnie Aarons,Camp Pleasant Lake
Bonnie Aarons,Valentine's Day
Bonnie Aarons,The Boulet Brothers' Dragula: Titans
Bonnie Aarons,The Nun
Bonnie Aarons,Drag Me to Hell
Bonnie Aarons,The Princess Diaries
Bonnie Aarons,Sweet Jane
Bonnie Aarons,The Princess Diaries 2: Royal Engagement
Bonnie Aarons,InAlienable
Bonnie Aarons,Silver Linings Playbook
Bonnie Aarons,Wristcutters: A Love Story
Bonnie Aarons,Mulholland Drive
Bonnie Aarons,I Know Who Killed Me
Bonnie Aarons,The Boulet Brothers' Dragula
Bonnie Aarons,The Nun II
Bonnie Aarons,"One, Two, Many"
Bonnie Aarons,Spreading Darkness
Bonnie Aarons,Nocturnally Yours
Bonnie Aarons,Hell Ride
Bonnie Aarons,Shallow Hal
Bonnie Aarons,Caged Heat 3000
Bonnie Aarons,Frank
Bonnie Aarons,Wizardream
Bonnie Aarons,Geisting
Bonnie Aarons,Exit to Eden
Bonnie Aarons,Faith & Fear: The Conjuring Universe
Bonnie Aarons,Dear God
Bonnie Aarons,Accidental Love
Bonnie Aarons,Annabelle: Creation
Bonnie Aarons,I Live Alone
Bonnie Aarons,"Martinez, Margaritas and Murder!"
Bonnie Aarons,Mrs. Davis
Jeanne Bates,Ben Casey
Jeanne Bates,Vice Raid
Jeanne Bates,Riverboat
Jeanne Bates,Mulholland Dr.
Jeanne Bates,The Mask of Diijon
Jeanne Bates,Getting Married
Jeanne Bates,The Phantom
Jeanne Bates,From the Dead of Night
Jeanne Bates,Trooper Hook
Jeanne Bates,The Philco Television Playhouse
Jeanne Bates,Sundown Valley
Jeanne Bates,That '70s Show
Jeanne Bates,Rawhide
Jeanne Bates,Mulholland Drive
Jeanne Bates,77 Sunset Strip
Jeanne Bates,The Chance of a Lifetime
Jeanne Bates,Kodiak
Jeanne Bates,The Mod Squad
Jeanne Bates,Mom
Jeanne Bates,Public Enemy #2
Jeanne Bates,The Saint
Jeanne Bates,Wings
Jeanne Bates,Sabaka
Jeanne Bates,Mayberry R.F.D.
Jeanne Bates,Switch
Jeanne Bates,Silent Night Deadly Night 4: Initiation
Jeanne Bates,"Quincy, M.E."
Jeanne Bates,The Commish
Jeanne Bates,The Living Christ
Jeanne Bates,My Friend Flicka
Jeanne Bates,The Donna Reed Show
Jeanne Bates,Dick Powell's Zane Grey Theatre
Jeanne Bates,She's a Soldier Too
Jeanne Bates,Three's Company
Jeanne Bates,Gang Busters
Jeanne Bates,Schlitz Playhouse of Stars
Jeanne Bates,The Return of the Vampire
Jeanne Bates,General Electric Theater: Into the Night
Jeanne Bates,State Trooper
Jeanne Bates,Dangerous Assignment
Jeanne Bates,Sergeant Mike
Jeanne Bates,The Restless Gun
Jeanne Bates,Guns Don't Argue
Jeanne Bates,The Racket Man
Jeanne Bates,Grand Canyon
Jeanne Bates,Wonder Woman
Jeanne Bates,It's Murder
Jeanne Bates,Studio 57
Jeanne Bates,The Rookies
Jeanne Bates,Eraserhead
Jeanne Bates,The Life and Legend of Wyatt Earp
Jeanne Bates,"Have Gun, Will Travel"
Jeanne Bates,Tonight and Every Night
Jeanne Bates,The Soul of a Monster
Jeanne Bates,Hawaii Five-O
Jeanne Bates,Gus
Jeanne Bates,Death of a Salesman
Jeanne Bates,"Marcus Welby, M.D."
Jeanne Bates,Robert Montgomery Presents
Jeanne Bates,Die Hard 2
Jeanne Bates,My Three Sons
Jeanne Bates,Wild Orchid II: Two Shades of Blue
Jeanne Bates,M Squad
Jeanne Bates,One Step Beyond
Jeanne Bates,Charlie's Angels
Jeanne Bates,Dream Lover
Jeanne Bates,Lock-Up
Jeanne Bates,The Twilight Zone
Jeanne Bates,Hi Grandma!
Jeanne Bates,General Electric Theater
Jeanne Bates,Mannix
Jeanne Bates,Shadows in the Night
Jeanne Bates,Peter Gunn
Jeanne Bates,Gunsmoke
Jeanne Bates,The Slowest Gun in the West
Jeanne Bates,The Strangler
Jeanne Bates,Blood Arrow
Jeanne Bates,The Black Parachute
Jeanne Bates,Perry Mason
Richard Green,The Batman vs. Dracula
Richard Green,Factory Cowboys: Working with Warhol
Richard Green,Judging Amy
Richard Green,Matlock
Richard Green,Simon & Simon
Richard Green,"Mancuso, F.B.I."
Richard Green,Melrose Place
Richard Green,Transformers: Prime
Richard Green,The West Wing
Richard Green,"Her Final Fury: Betty Broderick, the Last Chapter"
Richard Green,Mulholland Drive
Richard Green,Remington Steele
Richard Green,Ben 10
Richard Green,Shootdown
Richard Green,Airwolf
Richard Green,Star Wars: The Clone Wars
Richard Green,The New Tom Green Show
Richard Green,China Beach
Richard Green,Falcon Crest
Richard Green,The Batman
Richard Green,Chicago Hope
Richard Green,7 Year Zig Zag
Richard Green,Strangers in Paradise
Richard Green,Justice League
Richard Green,Medium Rare
Richard Green,The Price of Life
Scott Coffey,Amazing Stories
Scott Coffey,Lost Highway
Scott Coffey,The Temp
Scott Coffey,Zombie High
Scott Coffey,Rolling Thunder
Scott Coffey,Ellie Parker
Scott Coffey,Cigarettes & Coffee
Scott Coffey,The Twilight Zone
Scott Coffey,Hotel
Scott Coffey,Mulholland Dr.
Scott Coffey,Rabbits
Scott Coffey,Shag
Scott Coffey,Satisfaction
Scott Coffey,Unleashed
Scott Coffey,Lola's Secret
Scott Coffey,Breaking Free
Scott Coffey,Never Date an Actress
Scott Coffey,Christopher Columbus
Scott Coffey,The Outsiders
Scott Coffey,Nowhere Man
Scott Coffey,Shout
Scott Coffey,Highway to Heaven
Scott Coffey,seaQuest DSV
Scott Coffey,Once Upon a Time in America
Scott Coffey,Don't You Forget About Me
Scott Coffey,SpaceCamp
Scott Coffey,The Disappearance of Kevin Johnson
Scott Coffey,Mulholland Drive
Scott Coffey,An Approximation of their Barbarous Manners
Scott Coffey,Normal Adolescent Behavior
Scott Coffey,The Worst Man in London
Scott Coffey,Cameo by Night
Scott Coffey,She
Scott Coffey,The Big Picture
Scott Coffey,Warrior of the Lost World
Scott Coffey,MacGyver
Scott Coffey,Tank Girl
Scott Coffey,Montana
Scott Coffey,Inland Empire
Scott Coffey,Adult World
Scott Coffey,Ferris Bueller's Day Off
Scott Coffey,JAG
Scott Coffey,Twin Peaks
Scott Coffey,Wayne's World 2
Scott Coffey,TV 101
Scott Coffey,Dream Lover
Scott Coffey,Let's Get Lost
Melissa George,Heartbeat
Melissa George,The Late Late Show with Craig Kilborn
Melissa George,WΔZ
Melissa George,A Lonely Place to Die
Melissa George,Sugar & Spice
Melissa George,The Making of Derailed
Melissa George,Second Chances
Melissa George,Hunted
Melissa George,Music Within
Melissa George,Agent Provocateur: Control Yourself
Melissa George,Don't Go
Melissa George,Charmed
Melissa George,The First
Melissa George,Between Us
Melissa George,U.S. Attorney
Melissa George,Celebrity Ghost Stories
Melissa George,Bag of Bones
Melissa George,Hollyweird
Melissa George,Fable
Melissa George,Felony
Melissa George,Triangle
Melissa George,Who Do You Think You Are?
Melissa George,Bad Mothers
Melissa George,L.A. Confidential
Melissa George,The Limey
Melissa George,The Amityville Horror
Melissa George,Star Trek: Discovery
Melissa George,Roar
Melissa George,The Betrayed
Melissa George,Thieves
Melissa George,Mulholland Drive
Melissa George,New Port South
Melissa George,Grey's Anatomy
Melissa George,Dark City
Melissa George,Two Twisted
Melissa George,In Treatment
Melissa George,Monk
Melissa George,Friends
Melissa George,The Butterfly Tree
Melissa George,Turistas
Melissa George,Alias
Melissa George,The Good Wife
Melissa George,The Mosquito Coast
Melissa George,Swinging with the Finkels
Melissa George,Down with Love
Melissa George,Peaceful
Melissa George,30 Days of Night
Melissa George,Derailed
Melissa George,Canines
Melissa George,Good News Week
Melissa George,The Eddy
Melissa George,The Slap
Melissa George,Jimmy Kimmel Live!
Monty Montgomery,Mulholland Dr.
Monty Montgomery,Mulholland Drive
James Karen,Starsky & Hutch
James Karen,The Roommate
James Karen,Coach
James Karen,The Butterfly Room
James Karen,Judging Amy
James Karen,Rivals
James Karen,Matlock
James Karen,Staying Afloat
James Karen,Charles in Charge
James Karen,Mulholland Dr.
James Karen,Drew Peterson: Untouchable
James Karen,Up Close & Personal
James Karen,Class of '96
James Karen,Simon & Simon
James Karen,Gibbsville
James Karen,Absolute Strangers
James Karen,The Golden Girls
James Karen,Lucan
James Karen,The China Syndrome
James Karen,The Heart of the Deal
James Karen,The Boy Who Loved Trolls
James Karen,Melrose Place
James Karen,Return of the Living Dead Part II
James Karen,Green Briefs
James Karen,Lies Before Kisses
James Karen,Girl
James Karen,The Companion
James Karen,Girlfriend from Hell
James Karen,Once Upon a Family
James Karen,Hollywood in the Atomic Age: Monsters! Martians! Mad Scientists!
James Karen,Nixon
James Karen,Bonanza: Under Attack
James Karen,Mulholland Drive
James Karen,Piranha
James Karen,Jagged Edge
James Karen,Lou Grant
James Karen,Revenge of the Nerds IV: Nerds In Love
James Karen,Touched by an Angel
James Karen,Sisters
James Karen,Nightman
James Karen,Bender
James Karen,A House on a Hill
James Karen,"Walker, Texas Ranger"
James Karen,JAG
James Karen,Trail of the Screaming Forehead
James Karen,River Made to Drown In
James Karen,F.I.S.T.
James Karen,Police Woman
James Karen,Institute for Revenge
James Karen,The China Syndrome: Creating a Controversy
James Karen,"Beverly Hills, 90210"
James Karen,Hardbodies 2
James Karen,Knots Landing
James Karen,Wall Street
James Karen,Thanksgiving Day
James Karen,Dynasty
James Karen,Bodies of Evidence
James Karen,Amazing Grace
James Karen,Eight Is Enough
James Karen,Little House: The Last Farewell
James Karen,Unscripted
James Karen,Road Lawyers and Other Briefs
James Karen,Jack and the Beanstalk
James Karen,The Waltons
James Karen,McMillan & Wife
James Karen,"Quincy, M.E."
James Karen,The Commish
James Karen,American Dad!
James Karen,Future Shock
James Karen,Lux Video Theatre
James Karen,The Return of the Living Dead
James Karen,The Ordeal of Patty Hearst
James Karen,First Monday
James Karen,Capricorn One
James Karen,One Day at a Time
James Karen,Melba
James Karen,Ned and Stacey
James Karen,MacGyver
James Karen,Notfilm
James Karen,Designing Women
James Karen,Murphy Brown
James Karen,Sam's Son
James Karen,The Powers of Matthew Star
James Karen,The Defenders
James Karen,Buster Keaton: A Hard Act to Follow
James Karen,More Brains! A Return to the Living Dead
James Karen,A Walton Thanksgiving Reunion
James Karen,The Cowboy and the Movie Star
James Karen,The China Syndrome: A Fusion of Talent
James Karen,Drive-In Madness
James Karen,L.A. Law
James Karen,Portrait of a Rebel: The Remarkable Mrs. Sanger
James Karen,The Kallikaks
James Karen,The Rockford Files
James Karen,A Kiss Goodnight
James Karen,Moonlighting
James Karen,The Bionic Woman
James Karen,Hardcastle and McCormick
James Karen,Dark and Stormy Night
James Karen,Thirteen Days
James Karen,The Gathering
James Karen,The Willies
James Karen,The Larry Sanders Show
James Karen,The Streets of San Francisco
James Karen,My Last Love
James Karen,Apt Pupil
James Karen,Seinfeld
James Karen,All the President's Men
James Karen,Shattered Dreams
James Karen,Tucker's Witch
James Karen,America's Most Haunted
James Karen,Tough and Deadly
James Karen,M*A*S*H
James Karen,Have You Ever Been Ashamed Of Your Parents?
James Karen,Something for Joey
James Karen,The Unborn
James Karen,Sledge Hammer!
James Karen,Booker
James Karen,Fatal Kiss
James Karen,227
James Karen,Opening Night
James Karen,Cult People
James Karen,Jake and the Fatman
James Karen,Take This Job and Shove It
James Karen,Hawaii Five-O
James Karen,Universal Horror
James Karen,Shadow of Doubt
James Karen,They Won't Stay Dead: A Look at 'Return of the Living Dead Part II'
James Karen,Freedom Strike
James Karen,Time Walker
James Karen,Mary Jane Harper Cried Last Night
James Karen,Family Ties
James Karen,Sympathy for Delicious
James Karen,The Practice
James Karen,The Day the Bubble Burst
James Karen,So Funny It Hurt: Buster Keaton & MGM
James Karen,Kiss Me Goodbye
James Karen,Frankenstein Meets the Space Monster
James Karen,Pride
James Karen,Amazing Stories
James Karen,Poltergeist
James Karen,The Closer
James Karen,Topper
James Karen,The Great Buster: A Celebration
James Karen,F.D.R.: The Last Year
James Karen,The Violation of Sarah McDavid
James Karen,Hearts Afire
James Karen,Making Pursuit: An Italian Take on the American Dream
James Karen,Dark Skies
James Karen,"Mancuso, F.B.I."
James Karen,The Nightmare Room
James Karen,Cheers
James Karen,Cold Case
James Karen,Confessions of a Teenage Jesus Jerk
James Karen,Joyride
James Karen,Frances
James Karen,The Parkers
James Karen,Who's the Boss?
James Karen,Highway to Heaven
James Karen,"Magnum, P.I."
James Karen,Congo
James Karen,"Rich Men, Single Women"
James Karen,I Never Sang for My Father
James Karen,Vital Signs
James Karen,Superman Returns
James Karen,The Jazz Singer
James Karen,The Pursuit of Happyness
James Karen,Managing Time
James Karen,Film
James Karen,One Last Flight
James Karen,Invaders from Mars
James Karen,The New Lassie
James Karen,Behind Enemy Lines
James Karen,Any Given Sunday
James Karen,Cynthia
James Karen,"Herbie, the Love Bug"
James Karen,Hercules in New York
James Karen,A Little Romance
Michael Cooke,The Hand Job
Michael Cooke,Showgirls
Michael Cooke,The Silence
Michael Cooke,Poodle Springs
Michael Cooke,The Disappearance of Kevin Johnson
Michael Cooke,Mulholland Drive
Brent Briscoe,The Jack Bull
Brent Briscoe,The Dark Knight Rises
Brent Briscoe,Home of the Giants
Brent Briscoe,In the Valley of Elah
Brent Briscoe,Say It Isn't So
Brent Briscoe,Scandal
Brent Briscoe,Medium
Brent Briscoe,Driven
Brent Briscoe,Hail Mary
Brent Briscoe,Mulholland Dr.
Brent Briscoe,The Majestic
Brent Briscoe,Hearts Afire
Brent Briscoe,Thief
Brent Briscoe,Beautiful
Brent Briscoe,Term Life
Brent Briscoe,Maximum Bob
Brent Briscoe,U Turn
Brent Briscoe,Hell on Wheels
Brent Briscoe,Yes Man
Brent Briscoe,Small Town Saturday Night
Brent Briscoe,Crazy
Brent Briscoe,Extract
Brent Briscoe,The Handler
Brent Briscoe,The Minus Man
Brent Briscoe,Some Folks Call It a Sling Blade
Brent Briscoe,NCIS
Brent Briscoe,Spider-Man 2
Brent Briscoe,Waking Up in Reno
Brent Briscoe,Double Take
Brent Briscoe,Beneath
Brent Briscoe,NCIS: Los Angeles
Brent Briscoe,Randy & the Mob
Brent Briscoe,Deadwood
Brent Briscoe,National Treasure: Book of Secrets
Brent Briscoe,Bones
Brent Briscoe,CSI: Crime Scene Investigation
Brent Briscoe,Modern Vampires
Brent Briscoe,Mulholland Drive
Brent Briscoe,Man on the Moon
Brent Briscoe,The Big Empty
Brent Briscoe,Atlas Shrugged: Part III
Brent Briscoe,A Simple Plan
Brent Briscoe,Desperate Housewives
Brent Briscoe,Grey's Anatomy
Brent Briscoe,The Green Mile
Brent Briscoe,Another Day in Paradise
Brent Briscoe,Justified
Brent Briscoe,Dirty Girl
Brent Briscoe,House
Brent Briscoe,5th of July
Brent Briscoe,Mr. Woodcock
Brent Briscoe,Legalese
Brent Briscoe,Parks and Recreation
Brent Briscoe,ER
Brent Briscoe,Sling Blade
Brent Briscoe,Friends with Benefits
Brent Briscoe,Two: The Story of Roman & Nyro
Brent Briscoe,The Defenders
Brent Briscoe,Brooklyn Nine-Nine
Brent Briscoe,The Thirteenth Year
Brent Briscoe,Zombeavers
Brent Briscoe,The Messengers
Brent Briscoe,Perception
Brent Briscoe,Bloodworth
Brent Briscoe,Twin Peaks
Brent Briscoe,Bachelor Party Vegas
Brent Briscoe,Knots Landing
Brent Briscoe,Numb3rs
Brent Briscoe,24
Brent Briscoe,Madison
Brent Briscoe,The Killer Inside Me
Lee Grant,Dr. T & the Women
Lee Grant,The Hijacking of the Achille Lauro
Lee Grant,Ben Casey
Lee Grant,Going Shopping
Lee Grant,Valley of the Dolls
Lee Grant,Peyton Place
Lee Grant,Mulholland Dr.
Lee Grant,"Buona Sera, Mrs. Campbell"
Lee Grant,Damien – Omen II
Lee Grant,Gotta Get Off This Merry-Go-Round: 'Valley of the Dolls'
Lee Grant,Night Slaves
Lee Grant,Middle of the Night
Lee Grant,Women on Trial
Lee Grant,The Willmar 8
Lee Grant,The Philco Television Playhouse
Lee Grant,For Ladies Only
Lee Grant,Mulholland Drive
Lee Grant,Sidney Poitier: One Bright Light
Lee Grant,The World of Sholom Aleichem
Lee Grant,The Ray Bradbury Theater
Lee Grant,What Are Best Friends For?
Lee Grant,Reel Herstory: The Real Story of Reel Women
Lee Grant,Mission: Impossible
Lee Grant,The Mod Squad
Lee Grant,The Swarm
Lee Grant,Rod Serling: Submitted for Your Approval
Lee Grant,Confronting the Crisis: Childcare in America
Lee Grant,Thou Shalt Not Kill
Lee Grant,An Affair of the Skin
Lee Grant,Battered
Lee Grant,Little Miss Marker
Lee Grant,Citizen Cohn
Lee Grant,Scandal: The Trial of Mary Astor
Lee Grant,Teachers
Lee Grant,Seeing is Believing: Women Direct
Lee Grant,Backstairs at the White House
Lee Grant,Detective Story
Lee Grant,What Sex Am I?
Lee Grant,Boris Karloff: The Man Behind the Monster
Lee Grant,The Good Doctor
Lee Grant,Shampoo
Lee Grant,"Arthur Miller, Elia Kazan and the Blacklist: None Without Sin"
Lee Grant,A Crime to Fit the Punishment
Lee Grant,Lieutenant Schuster's Wife
Lee Grant,Divorce American Style
Lee Grant,You Can't Go Home Again
Lee Grant,The Dick Cavett Show
Lee Grant,Bob Hope Presents the Chrysler Theatre
Lee Grant,Killian & the Comeback Kids
Lee Grant,It's My Party
Lee Grant,Deadlock
Lee Grant,Perilous Voyage
Lee Grant,Hello Actors Studio
Lee Grant,Bare Essence
Lee Grant,The Substance of Fire
Lee Grant,Intimate Portrait
Lee Grant,The Name of the Game
Lee Grant,The Big Bounce
Lee Grant,The Defenders
Lee Grant,"Wedden, dat..?"
Lee Grant,The Seagull
Lee Grant,Actresses Turned Producer/Directors
Lee Grant,Partners in Crime
Lee Grant,Airport '77
Lee Grant,The Landlord
Lee Grant,ABC Stage 67
Lee Grant,Earth and the American Dream
Lee Grant,The Neon Ceiling
Lee Grant,Three Plays by Tennessee Williams
Lee Grant,Poor Liza
Lee Grant,Who Is Henry Jaglom?
Lee Grant,Portnoy's Complaint
Lee Grant,Pie in the Sky
Lee Grant,Visiting Hours
Lee Grant,Defending Your Life
Lee Grant,Empty Nest
Lee Grant,The Internecine Project
Lee Grant,Voyage of the Damned
Lee Grant,Studio One
Lee Grant,Great Performances
Lee Grant,The Mafu Cage
Lee Grant,Tribute To Burgess Meredith
Lee Grant,Sanford Meisner: The American Theatre's Best Kept Secret
Lee Grant,Marooned
Lee Grant,Hal
Lee Grant,"Say It, Fight It, Cure It"
Lee Grant,Columbo
Lee Grant,And the Oscar Goes To...
Lee Grant,Judd for the Defense
Lee Grant,The Million Dollar Face
Lee Grant,In My Daughter's Name
Lee Grant,The Oscars
Lee Grant,Charlie Chan and the Curse of the Dragon Queen
Lee Grant,A Billion for Boris
Lee Grant,The Amati Girls
Lee Grant,Will There Really Be a Morning?
Lee Grant,She Said No
Lee Grant,The Big Town
Lee Grant,The American Film Institute Salute to ...
Lee Grant,Tell Me a Riddle
Lee Grant,Something to Live for: The Alison Gertz Story
Lee Grant,Inside the Actors Studio
Lee Grant,In the Heat of the Night
Lee Grant,The Fugitive
Lee Grant,TVTV Looks at the Oscars
Lee Grant,The Balcony
Lee Grant,Plaza Suite
Lee Grant,The Spell
Lee Grant,The Love Song of Barney Kempinski
Lee Grant,Playwrights '56
Lee Grant,Fay
Lee Grant,When Women Kill
Lee Grant,Under Heat
Lee Grant,"Sidney Poitier - Der Mann, der Hollywood veränderte"
Lee Grant,Ironside
Lee Grant,The Iceman Tapes: Conversations with a Killer
Lee Grant,Down and Out in America
Lee Grant,Why Me?
Lee Grant,Hidden Values: The Movies of the Fifties
Lee Grant,The Big Valley
Lee Grant,Tony Awards
Lee Grant,Rowan & Martin's Laugh-In
Lee Grant,Mussolini: The Untold Story
Lee Grant,"When You Comin' Back, Red Ryder?"
Lee Grant,The John Garfield Story
Lee Grant,Ransom for a Dead Man
Lee Grant,There Was a Crooked Man...
Lee Grant,Storm Fear
Lee Grant,Calling the Shots
Lee Grant,Dinah!
Patrick Fischler,Scorpion
Patrick Fischler,Big Sur
Patrick Fischler,Suits
Patrick Fischler,Girlfriends
Patrick Fischler,Judging Amy
Patrick Fischler,Lost
Patrick Fischler,Love & War
Patrick Fischler,Fair Play
Patrick Fischler,Weeds
Patrick Fischler,The Standoff at Sparrow Creek
Patrick Fischler,Castle
Patrick Fischler,The Black Dahlia
Patrick Fischler,NCIS
Patrick Fischler,CSI: Crime Scene Investigation
Patrick Fischler,Atlas Shrugged: Part I
Patrick Fischler,Mulholland Drive
Patrick Fischler,Californication
Patrick Fischler,The Shadow
Patrick Fischler,The Finder
Patrick Fischler,Law & Order: LA
Patrick Fischler,Old School
Patrick Fischler,Shameless
Patrick Fischler,Four Kings
Patrick Fischler,American Gigolo
Patrick Fischler,Under the Silver Lake
Patrick Fischler,Idiocracy
Patrick Fischler,The Test
Patrick Fischler,County
Patrick Fischler,Miss Nobody
Patrick Fischler,2 Guns
Patrick Fischler,Red State
Patrick Fischler,The Pact II
Patrick Fischler,Monk
Patrick Fischler,Knots Landing
Patrick Fischler,Defending Jacob
Patrick Fischler,The Rookie
Patrick Fischler,The Pretender
Patrick Fischler,The New Adventures of Old Christine
Patrick Fischler,Charmed
Patrick Fischler,The Right Stuff
Patrick Fischler,Burn Notice
Patrick Fischler,The West Wing
Patrick Fischler,Garden Party
Patrick Fischler,Birds of Prey
Patrick Fischler,Drive
Patrick Fischler,What About Brian
Patrick Fischler,The Great Buck Howard
Patrick Fischler,My Wife and Kids
Patrick Fischler,Speed
Patrick Fischler,Win a Date with Tad Hamilton!
Patrick Fischler,Curb Your Enthusiasm
Patrick Fischler,The Diabolical
Patrick Fischler,ER
Patrick Fischler,Angel
Patrick Fischler,Getting LOST
Patrick Fischler,Dinner for Schmucks
Patrick Fischler,Grimm
Patrick Fischler,One for the Money
Patrick Fischler,Quantum Leap
Patrick Fischler,Night Shift
Patrick Fischler,Scandal
Patrick Fischler,The Middleman
Patrick Fischler,Criminal Minds
Patrick Fischler,CSI: NY
Patrick Fischler,Timeless
Patrick Fischler,Veep
Patrick Fischler,Twister
Patrick Fischler,Swimming with Sharks
Patrick Fischler,The Mentalist
Patrick Fischler,Lie to Me
Patrick Fischler,HAPPY!
Patrick Fischler,Body of Proof
Patrick Fischler,"Hail, Caesar!"
Patrick Fischler,Fresh Off the Boat
Patrick Fischler,Off Centre
Patrick Fischler,The Seat Filler
Patrick Fischler,American Crime Story
Patrick Fischler,A Friend of the Family
Patrick Fischler,Rosewood
Patrick Fischler,NCIS: Hawai'i
Patrick Fischler,Barry
Patrick Fischler,9-1-1
Patrick Fischler,Rules Don't Apply
Patrick Fischler,Star Trek: Enterprise
Patrick Fischler,"The Adventures of Brisco County, Jr."
Patrick Fischler,The Whole Truth
Patrick Fischler,Nash Bridges
Patrick Fischler,Tell It Martin
Patrick Fischler,CSI: Miami
Patrick Fischler,The Mill
Patrick Fischler,Moonlight
Patrick Fischler,Ghost World
Patrick Fischler,American Fiction
Patrick Fischler,Cold Case
Patrick Fischler,The Lincoln Lawyer
Patrick Fischler,Veronica Mars
Patrick Fischler,Mad Men
Patrick Fischler,Kingdom
Patrick Fischler,Southland
Patrick Fischler,Bones
Patrick Fischler,Once Upon a Time
Patrick Fischler,Her Last Will
Patrick Fischler,Full Frontal
Patrick Fischler,Gilda Radner: It's Always Something
Patrick Fischler,The Week That Girl Died
Patrick Fischler,Law & Order: Special Victims Unit
Patrick Fischler,Grey's Anatomy
Patrick Fischler,Something's Gotta Give
Patrick Fischler,Pushing Daisies
Patrick Fischler,NCIS: Origins
Patrick Fischler,According to Jim
Patrick Fischler,Silicon Valley
Patrick Fischler,Finding Amanda
Patrick Fischler,Twin Peaks
Patrick Fischler,Hawaii Five-0
Patrick Fischler,Live!
Chad Everett,Heroes Stand Alone
Chad Everett,Police Story
Chad Everett,The Nanny
Chad Everett,Maverick
Chad Everett,Mulholland Dr.
Chad Everett,Caroline in the City
Chad Everett,When Time Expires
Chad Everett,Hagen
Chad Everett,Melrose Place
Chad Everett,Castle
Chad Everett,"Manhattan, AZ"
Chad Everett,Mulholland Drive
Chad Everett,Official Denial
Chad Everett,77 Sunset Strip
Chad Everett,Touched by an Angel
Chad Everett,The Intruder Within
Chad Everett,The Jigsaw Murders
Chad Everett,Claudelle Inglish
Chad Everett,Supernatural
Chad Everett,Hard to Forget
Chad Everett,The Dean Martin Celebrity Roasts
Chad Everett,Johnny Tiger
Chad Everett,The Singing Nun
Chad Everett,Medical Center
Chad Everett,The F.B.I.
Chad Everett,E-Ring
Chad Everett,Mistress of Paradise
Chad Everett,Journey to the Unknown
Chad Everett,The Last Challenge
Chad Everett,Malibu
Chad Everett,Psycho
Chad Everett,The Mountain
Chad Everett,Diagnosis: Murder
Chad Everett,The Dick Cavett Show
Chad Everett,Ultraman: The Adventure Begins
Chad Everett,The Firechasers
Chad Everett,The Dakotas
Chad Everett,Tiptoes
Chad Everett,Redigo
Chad Everett,Free Fall
Chad Everett,First to Fight
Chad Everett,Thunderboat Row
Chad Everett,Star Command
Chad Everett,The Impossible Years
Chad Everett,In the Glitter Palace
Chad Everett,Jack & Bobby
Chad Everett,Without a Trace
Chad Everett,Cybill
Chad Everett,Branded
Chad Everett,Centennial
Chad Everett,Route 66
Chad Everett,Combat!
Chad Everett,"Murder, She Wrote"
Chad Everett,View from the Top
Chad Everett,Hotel
Chad Everett,Rome Adventure
Chad Everett,Fever Pitch
Chad Everett,McKenna
Chad Everett,The Chapman Report
Chad Everett,The Pink Conspiracy
Chad Everett,Cheyenne
Chad Everett,Battle of the Network Stars
Chad Everett,Unspoken
Chad Everett,The French Atlantic Affair
Chad Everett,The Lieutenant
Chad Everett,Get Yourself a College Girl
Chad Everett,Shades of L.A.
Chad Everett,Hawaiian Eye
Chad Everett,Just Shoot Me!
Chad Everett,Give Me My Money
Chad Everett,Break
Chad Everett,Cold Case
Chad Everett,Return of the Gunfighter
Chad Everett,"Wake Up, Ron Burgundy: The Lost Movie"
Chad Everett,Airplane II: The Sequel
Chad Everett,Surfside 6
Chad Everett,Bronco
Chad Everett,Donny & Marie
Chad Everett,Made in Paris
Chad Everett,The Rousters
Chad Everett,Rowan & Martin's Laugh-In
Chad Everett,The Mike Douglas Show
Chad Everett,How's Your News?
Chad Everett,Oh Baby
Angelo Badalamenti,Secrets from Another Place: Creating Twin Peaks
Angelo Badalamenti,Mysteries of Love
Angelo Badalamenti,The Music of David Lynch
Angelo Badalamenti,Pretty as a Picture: The Art of David Lynch
Angelo Badalamenti,Paul McCartney: Movin' On
Angelo Badalamenti,Jonathan Ross Presents for One Week Only: David Lynch
Angelo Badalamenti,Cabin Fever: Beneath the Skin
Angelo Badalamenti,Le son de Lynch
Angelo Badalamenti,Blue Velvet
Angelo Badalamenti,Mulholland Dr.
Angelo Badalamenti,David Lynch: Don't Look at Me
Angelo Badalamenti,The Making of ‘Mulholland Drive’
Angelo Badalamenti,Mulholland Drive
Angelo Badalamenti,On the Air
Robert Forster,"Me, Myself & Irene"
Robert Forster,The Adventures of Biffle and Shooster
Robert Forster,Peacemaker
Robert Forster,American Grindhouse
Robert Forster,Police Story
Robert Forster,Confidence
Robert Forster,Mulholland Dr.
Robert Forster,Reflections in a Golden Eye
Robert Forster,Gibbsville
Robert Forster,The Simpsons
Robert Forster,Avalanche
Robert Forster,Ghosts of Girlfriends Past
Robert Forster,Finder's Fee
Robert Forster,The Magic of Marciano
Robert Forster,Satan's Princess
Robert Forster,Standing Tall
Robert Forster,"Coffee, Kill Boss"
Robert Forster,Mulholland Drive
Robert Forster,The Banker
Robert Forster,The Black Hole
Robert Forster,Karen Sisco
Robert Forster,Hindsight
Robert Forster,Checkered Flag
Robert Forster,Alligator
Robert Forster,Childrens Hospital
Robert Forster,Royce
Robert Forster,The Bridge Partner
Robert Forster,Breaking Bad
Robert Forster,A Very Lovely Dream: One Week in Twin Peaks
Robert Forster,Grampa's Cabin
Robert Forster,"Walker, Texas Ranger"
Robert Forster,La última película de Jess Franco
Robert Forster,Grave Intentions
Robert Forster,Wild Seven
Robert Forster,Human Nature
Robert Forster,Lakeboat
Robert Forster,The Joe Spinell Story
Robert Forster,The Program
Robert Forster,The Lady in Red
Robert Forster,Thick as Thieves
Robert Forster,Mythos Hollywood - Das Geheimnis des Erfolgs
Robert Forster,Kraft Mystery Theatre
Robert Forster,Lone Hero
Robert Forster,"Electric Boogaloo: The Wild, Untold Story of Cannon Films"
Robert Forster,Cover Me Babe
Robert Forster,Damsel
Robert Forster,Cleaner
Robert Forster,Home
Robert Forster,Outside Ozona
Robert Forster,The Spaghetti West
Robert Forster,Psycho
Robert Forster,Diamond Men
Robert Forster,The Big Take
Robert Forster,Jack and Jill vs. The World
Robert Forster,Demolition University
Robert Forster,Pieces of Dreams
Robert Forster,Stunts
Robert Forster,Banyon
Robert Forster,Original Gangstas
Robert Forster,In the Shadow of a Killer
Robert Forster,Kiss Toledo Goodbye
Robert Forster,Once a Hero
Robert Forster,In Between
Robert Forster,Guns & Lipstick
Robert Forster,Phil
Robert Forster,Girl Walks Into a Bar
Robert Forster,No Half Measures: Creating the Final Season of Breaking Bad
Robert Forster,The American Side
Robert Forster,Like Mike
Robert Forster,Rear Window
Robert Forster,The Kinky Coaches and the Pom Pom Pussycats
Robert Forster,American Perfekt
Robert Forster,The City
Robert Forster,What They Had
Robert Forster,Desperate Housewives
Robert Forster,Body Chemistry III: Point of Seduction
Robert Forster,The Stalking Moon
Robert Forster,Fastlane
Robert Forster,Maniac Cop 3: Badge of Silence
Robert Forster,King Cohen: The Wild World of Filmmaker Larry Cohen
Robert Forster,Grimm Fairy Tales Animated
Robert Forster,29th Street
Robert Forster,Jesse Hawkes
Robert Forster,Crossbow: The Movie
Robert Forster,The Road to El Camino: Behind the Scenes of El Camino: A Breaking Bad Movie
Robert Forster,Grand Theft Parsons
Robert Forster,"Sex, Love and Cold Hard Cash"
Robert Forster,The Wolf of Snow Hollow
Robert Forster,Jackie Brown: How It Went Down
Robert Forster,Survivor
Robert Forster,Counterforce
Robert Forster,Dragon Wars: D-War
Robert Forster,Street Time
Robert Forster,Justine
Robert Forster,Night Vision
Robert Forster,Teenage Mutant Ninja Turtles
Robert Forster,American Yakuza
Robert Forster,Small Town Crime
Robert Forster,Esmeralda Bay
Robert Forster,The Hunt For the BTK Killer
Robert Forster,One West Waikiki
Robert Forster,"Murder, She Wrote"
Robert Forster,QT8: The First Eight
Robert Forster,Hotel
Robert Forster,London Has Fallen
Robert Forster,South Beach
Robert Forster,Tales from the Darkside
Robert Forster,"John Huston: The Man, the Movies, the Maverick"
Robert Forster,Kalamity
Robert Forster,Clubhouse
Robert Forster,Strange Hearts
Robert Forster,Committed
Robert Forster,Acts of Vengeance
Robert Forster,Vigilante
Robert Forster,Medical Story
Robert Forster,El Camino: A Breaking Bad Movie
Robert Forster,The Trial
Robert Forster,Would Be Kings
Robert Forster,The Confirmation
Robert Forster,Tilt
Robert Forster,Lucky Number Slevin
Robert Forster,Art of the Prank
Robert Forster,Jake and the Fatman
Robert Forster,Touching Home
Robert Forster,Diplomatic Immunity
Robert Forster,Uncle Sam
Robert Forster,That Guy Dick Miller
Robert Forster,Bus Driver
Robert Forster,Walking the Edge
Robert Forster,Charlie's Angels: Full Throttle
Robert Forster,Supernova
Robert Forster,Rise: Blood Hunter
Robert Forster,Expecting Love
Robert Forster,Murder in Greenwich
Robert Forster,Medium Cool
Robert Forster,Judd for the Defense
Robert Forster,Journey Through Rosebud
Robert Forster,Last Man Standing
Robert Forster,Behind the Red Curtain
Robert Forster,Goliath Awaits
Robert Forster,Amazing Stories
Robert Forster,Jackie Brown
Robert Forster,Family Tree
Robert Forster,It's the Rage
Robert Forster,13 Graves
Robert Forster,The Delta Force
Robert Forster,Too Late
Robert Forster,American Badass: A Michael Madsen Retrospective
Robert Forster,Quentin Tarantino: 20 Years of Filmmaking
Robert Forster,P.S. I Luv U
Robert Forster,The Man with the Gray Elevated Hair
Robert Forster,The Method
Robert Forster,The Don Is Dead
Robert Forster,Heroes
Robert Forster,Hotel Noir
Robert Forster,Nakia
Robert Forster,Due East
Robert Forster,Scanner Cop II
Robert Forster,Olympus Has Fallen
Robert Forster,Transformers: Prime
Robert Forster,Bigger
Robert Forster,The Death Squad
Robert Forster,Justice League Unlimited
Robert Forster,"Magnum, P.I."
Robert Forster,Small Crimes
Robert Forster,Automata
Robert Forster,Cover Story
Robert Forster,Like Mother Like Son: The Strange Story of Sante and Kenny Kimes
Robert Forster,Undefeated
Robert Forster,Divorce
Robert Forster,Ironside
Robert Forster,The Bannen Way
Robert Forster,The Descendants
Robert Forster,Better Call Saul
Robert Forster,Hollywood Harry
Robert Forster,Bad Binoculars
Robert Forster,The Case for Christ
Robert Forster,Alcatraz
Robert Forster,Middle Men
Robert Forster,Firewall
Robert Forster,Somewhere Slow
Robert Forster,Twin Peaks
Robert Forster,The Darker Side of Terror
Robert Forster,Numb3rs
Dan Hedaya,Judging Amy
Dan Hedaya,Benny & Joon
Dan Hedaya,Hill Street Blues
Dan Hedaya,"Black Dog, Red Dog"
Dan Hedaya,Strangers with Candy
Dan Hedaya,Maverick
Dan Hedaya,Mulholland Dr.
Dan Hedaya,The Normals
Dan Hedaya,Dick
Dan Hedaya,Four Eyes and Six-Guns
Dan Hedaya,Running Scared
Dan Hedaya,Nixon
Dan Hedaya,Mulholland Drive
Dan Hedaya,Freeway
Dan Hedaya,Red Wind
Dan Hedaya,The Equalizer
Dan Hedaya,Tune in Tomorrow...
Dan Hedaya,The Humbling
Dan Hedaya,Miami Vice
Dan Hedaya,Joe Versus the Volcano
Dan Hedaya,The Extra Man
Dan Hedaya,Boiling Point
Dan Hedaya,I'm Dancing as Fast as I Can
Dan Hedaya,Midnight Run for Your Life
Dan Hedaya,Monk
Dan Hedaya,In & Out
Dan Hedaya,Alien Resurrection
Dan Hedaya,Last Week Tonight with John Oliver
Dan Hedaya,Daylight
Ann Miller,Won Ton Ton: The Dog Who Saved Hollywood
Ann Miller,Cole Porter in Hollywood: Too Darn Hot
Ann Miller,Having Wonderful Time
Ann Miller,Mulholland Dr.
Ann Miller,Deep in My Heart
Ann Miller,The Opposite Sex
Ann Miller,Carolina Blues
Ann Miller,"What's Buzzin', Cousin?"
Ann Miller,Marlene Dietrich: Her Own Song
Ann Miller,Broadway's Lost Treasures
Ann Miller,Room Service
Ann Miller,Mulholland Drive
Ann Miller,Stage Door
Ann Miller,That's Entertainment! III
Ann Miller,The Hollywood Palace
Ann Miller,Dames at Sea
Ann Miller,Lovely to Look At
Ann Miller,"Broadway: The Golden Age, by the Legends Who Were There"
Ann Miller,That's Dancing!
Ann Miller,Gene Kelly: Anatomy of a Dancer
Ann Miller,"Mighty Manhattan, New York's Wonder City"
Ann Miller,Home Improvement
Ann Miller,New Faces of 1937
Ann Miller,The Devil on Horseback
Ann Miller,Reveille with Beverly
Ann Miller,Private Screenings
Ann Miller,Hollywood Musicals of the 40's
Ann Miller,Time Out for Rhythm
Ann Miller,Tarnished Angel
Ann Miller,Broadway: Beyond the Golden Age
Ann Miller,The Dick Cavett Show
Ann Miller,The Love Boat
Ann Miller,The Kissing Bandit
Ann Miller,That's Entertainment!
Ann Miller,Hit the Deck
Ann Miller,Small Town Girl
Ann Miller,The Thrill of Brazil
Ann Miller,Eve Knew Her Apples
Ann Miller,Night of 100 Stars
Ann Miller,Hit Parade of 1941
Ann Miller,Hedda Hopper's Hollywood No. 2
Ann Miller,Easter Parade: On the Avenue
Ann Miller,Priorities on Parade
Ann Miller,E! True Hollywood Story
Ann Miller,The Merv Griffin Show
Ann Miller,Judy Garland: By Myself
Ann Miller,What's My Line?
Ann Miller,Rita
Ann Miller,Lucy and Desi: A Home Movie
Ann Miller,Two Tickets to Broadway
Ann Miller,Melody Ranch
Ann Miller,Jam Session
Ann Miller,"Hey, Rookie"
Ann Miller,Screen Snapshots Series 21 No. 1
Ann Miller,Cole Porter in Hollywood: Begin the Beguine
Ann Miller,The Great American Pastime
Ann Miller,Kiss Me Kate
Ann Miller,"Go West, Young Lady"
Ann Miller,Radio City Revels
Ann Miller,The Life of the Party
Ann Miller,The Good Fairy
Dan Hedaya,Lucky
Dan Hedaya,Death Penalty
Dan Hedaya,The Warrior Class
Dan Hedaya,Fantastic Beasts and Where to Find Them
Dan Hedaya,The Big Take
Dan Hedaya,The Book of Daniel
Dan Hedaya,The Seduction of Joe Tynan
Dan Hedaya,Clutter
Dan Hedaya,Person of Interest
Dan Hedaya,The First Wives Club
Dan Hedaya,"Sex, Shock & Censorship in the 90's"
Dan Hedaya,Slow Burn
Dan Hedaya,Picture Windows
Dan Hedaya,Lipstick Jungle
Dan Hedaya,The Crew
Dan Hedaya,ER
Dan Hedaya,Clueless
Dan Hedaya,Shaft
Dan Hedaya,CHiPs
Dan Hedaya,Courage
Dan Hedaya,Blood Simple
Dan Hedaya,Gotham
Dan Hedaya,The Tortellis
Dan Hedaya,Paris
Dan Hedaya,Reckless
Dan Hedaya,St. Elsewhere
Dan Hedaya,Slapface
Dan Hedaya,The Addams Family
Dan Hedaya,One of the Boys
Dan Hedaya,Too Big to Fail
Dan Hedaya,L.A. Law
Dan Hedaya,Hot Pursuit
Dan Hedaya,Tightrope
Dan Hedaya,American Cousins
Dan Hedaya,The Last Tenant
Dan Hedaya,Endangered Species
Dan Hedaya,Kojak
Dan Hedaya,The Garden of Redemption
Dan Hedaya,Law & Order
Dan Hedaya,Based on an Untrue Story
Dan Hedaya,A Civil Action
Dan Hedaya,Commando
Dan Hedaya,New Suit
Dan Hedaya,Swimfan
Dan Hedaya,Wise Guys
Dan Hedaya,Golden Boy
Dan Hedaya,The Hurricane
Dan Hedaya,The Hunger
Dan Hedaya,The Second Civil War
Dan Hedaya,Search and Destroy
Dan Hedaya,The Usual Suspects
Dan Hedaya,Another Midnight Run
Dan Hedaya,A Life Less Ordinary
Dan Hedaya,The God Committee
Dan Hedaya,Fallen Angels
Dan Hedaya,Ransom
Dan Hedaya,For Love or Money
Dan Hedaya,The Passover Plot
Dan Hedaya,Pacific Heights
Dan Hedaya,Family Ties
Dan Hedaya,To Die For
Dan Hedaya,The Mindy Project
Dan Hedaya,Round Up: Deposing 'The Usual Suspects'
Dan Hedaya,A Night at the Roxbury
Dan Hedaya,Homicide: Life on the Street
Dan Hedaya,The Adventures of Buckaroo Banzai Across the 8th Dimension
Dan Hedaya,The $treet
Dan Hedaya,Down
Dan Hedaya,Veronica Clare
Dan Hedaya,Because Mommy Works
Dan Hedaya,The Prince of Central Park
Dan Hedaya,The Extreme Adventures of Super Dave
Dan Hedaya,The Twilight Zone
Dan Hedaya,Mr. Wonderful
Dan Hedaya,Rookie of the Year
Dan Hedaya,Cheers
Dan Hedaya,Quicksand
Dan Hedaya,Miracle on 74th Street
Dan Hedaya,Robots
Dan Hedaya,Pizza My Heart
Dan Hedaya,Marvin's Room
Dan Hedaya,Midnight Runaround
Dan Hedaya,That Secret Sunday
Dan Hedaya,True Confessions
Dan Hedaya,Funny Face
Dan Hedaya,Fair Game
Dan Hedaya,A Smoky Mountain Christmas
Dan Hedaya,Night of the Juggler
Dan Hedaya,The Good Student
Dan Hedaya,Searching for Bobby Fischer
Dan Hedaya,The Dollmaker
Dan Hedaya,The Whereabouts of Jenny
Dan Hedaya,Locked in Silence
Dan Hedaya,Double Your Pleasure
Dan Hedaya,Cassie & Co.
Ann Miller,Frank Sinatra Memorial
Ann Miller,The Dinah Shore Chevy Show
Ann Miller,Inside the Dream Factory
Ann Miller,You Can't Take It with You
Ann Miller,Easter Parade
Ann Miller,Hollywood Singing & Dancing: A Musical History - 1970's
Ann Miller,Too Many Girls
Ann Miller,Watch the Birdie
Ann Miller,True to the Army
Ann Miller,Texas Carnival
Ann Miller,"That's Entertainment, Part II"
Ann Miller,Tony Awards
Ann Miller,The Ed Sullivan Show
Ann Miller,Rowan & Martin's Laugh-In
Ann Miller,Sailor's Holiday
Ann Miller,Eadie Was a Lady
Ann Miller,Inside the Marx Brothers
Ann Miller,On the Town
Ann Miller,The Mike Douglas Show
Mark Pellegrino,Lost
Mark Pellegrino,Ellie Parker
Mark Pellegrino,Bad Turn Worse
Mark Pellegrino,Mulholland Dr.
Mark Pellegrino,The Trials of Cate McCall
Mark Pellegrino,Spartan
Mark Pellegrino,Tales from the Crypt
Mark Pellegrino,Women's Murder Club
Mark Pellegrino,Certain Guys
Mark Pellegrino,Castle
Mark Pellegrino,The Rookie: Feds
Mark Pellegrino,The Cherokee Kid
Mark Pellegrino,CSI: Crime Scene Investigation
Mark Pellegrino,Prison Break
Mark Pellegrino,Underdeveloped
Mark Pellegrino,Mulholland Drive
Mark Pellegrino,Revolution
Mark Pellegrino,Beverly Hills Cop: Axel F
Mark Pellegrino,Strangers in a Strange Land
Mark Pellegrino,Delivering the Goods
Mark Pellegrino,Supernatural
Mark Pellegrino,F.T.W.
Mark Pellegrino,Hemingway & Gellhorn
Mark Pellegrino,Viper
Mark Pellegrino,Being Human
Mark Pellegrino,Locke & Key
Mark Pellegrino,Caffeine
Mark Pellegrino,Say It Isn't So
Mark Pellegrino,Dexter
Mark Pellegrino,Blood Meridian Test Reel
Mark Pellegrino,The Big Lebowski
Mark Pellegrino,Disappearing In America
Mark Pellegrino,Person of Interest
Mark Pellegrino,Burn Notice
Mark Pellegrino,Lost in the Pershing Point Hotel
Mark Pellegrino,The Commish
Mark Pellegrino,Bank Robber
Mark Pellegrino,Midnight Witness
Mark Pellegrino,NYPD 2069
Mark Pellegrino,Joint Body
Mark Pellegrino,ER
Mark Pellegrino,The Tomorrow People
Mark Pellegrino,A Murder of Crows
Mark Pellegrino,Ghost Whisperer
Mark Pellegrino,Blood and Concrete
Mark Pellegrino,For Life or Death
Mark Pellegrino,Grimm
Mark Pellegrino,Without a Trace
Mark Pellegrino,Class of '09
Mark Pellegrino,2:13
Mark Pellegrino,The X-Files
Mark Pellegrino,Born Into Exile
Mark Pellegrino,L.A. Law
Mark Pellegrino,Fatal Beauty
Mark Pellegrino,Trouble Bound
Mark Pellegrino,Twisted
Mark Pellegrino,Criminal Minds
Mark Pellegrino,American Rust
Mark Pellegrino,Marker
Mark Pellegrino,Moving Alan
Mark Pellegrino,Word of Mouth
Mark Pellegrino,Something Else
Mark Pellegrino,The Hat Squad
Mark Pellegrino,"Doogie Howser, M.D."
Mark Pellegrino,The Philanthropist
Mark Pellegrino,The Mentalist
Mark Pellegrino,An American Affair
Mark Pellegrino,Beirut
Mark Pellegrino,Drowning Mona
Mark Pellegrino,The Returned
Mark Pellegrino,Brimstone
Mark Pellegrino,Hulkamania 4
Mark Pellegrino,The Practice
Mark Pellegrino,Knight Rider 2010
Mark Pellegrino,Death Wish 4: The Crackdown
Mark Pellegrino,9-1-1
Mark Pellegrino,Night Life
Mark Pellegrino,Hunter
Mark Pellegrino,Capote
Mark Pellegrino,Macon County Jail
Mark Pellegrino,Nash Bridges
Mark Pellegrino,The Closer
Mark Pellegrino,CSI: Miami
Mark Pellegrino,Class of '61
Mark Pellegrino,Prayer of the Rollerboys
Mark Pellegrino,The Hunted
Mark Pellegrino,House of Love
Mark Pellegrino,Quantico
Mark Pellegrino,Lethal Weapon 3
Mark Pellegrino,Chuck
Mark Pellegrino,National Treasure
Mark Pellegrino,Crossing Jordan
Mark Pellegrino,The Number 23
Mark Pellegrino,Deadly Games
Mark Pellegrino,Little Surprises
Mark Pellegrino,The Unit
Mark Pellegrino,Grey's Anatomy
Mark Pellegrino,The Lost World: Jurassic Park
Mark Pellegrino,Lennon or McCartney
Mark Pellegrino,Fear Itself
Mark Pellegrino,Bad Meat
Mark Pellegrino,No Holds Barred
Mark Pellegrino,The Sentinel
Mark Pellegrino,13 Reasons Why
Mark Pellegrino,Monsters
Mark Pellegrino,Numb3rs
Mark Pellegrino,Inside Out
